,debt,date
0,20,2004-01-01
1,57,2004-01-02
2,39,2004-01-03
3,55,2004-01-04
4,81,2004-01-05
5,92,2004-01-06
6,100,2004-01-07
7,96,2004-01-08
8,81,2004-01-09
9,58,2004-01-10
10,39,2004-01-11
11,79,2004-01-12
12,82,2004-01-13
13,80,2004-01-14
14,80,2004-01-15
15,49,2004-01-16
16,68,2004-01-17
17,46,2004-01-18
18,76,2004-01-19
19,99,2004-01-20
20,91,2004-01-21
21,72,2004-01-22
22,82,2004-01-23
23,59,2004-01-24
24,58,2004-01-25
25,80,2004-01-26
26,70,2004-01-27
27,84,2004-01-28
28,93,2004-01-29
29,76,2004-01-30
30,46,2004-01-31
31,42,2004-02-01
32,70,2004-02-02
33,90,2004-02-03
34,77,2004-02-04
35,62,2004-02-05
36,69,2004-02-06
37,40,2004-02-07
38,44,2004-02-08
39,65,2004-02-09
40,75,2004-02-10
41,72,2004-02-11
42,76,2004-02-12
43,48,2004-02-13
44,65,2004-02-14
45,52,2004-02-15
46,57,2004-02-16
47,50,2004-02-17
48,54,2004-02-18
49,74,2004-02-19
50,84,2004-02-20
51,61,2004-02-21
52,46,2004-02-22
53,78,2004-02-23
54,100,2004-02-24
55,86,2004-02-25
56,76,2004-02-26
57,57,2004-02-27
58,82,2004-02-28
59,85,2004-02-29
60,62,2004-03-01
61,75,2004-03-02
62,44,2004-03-03
63,81,2004-03-04
64,70,2004-03-05
65,100,2004-03-06
66,74,2004-03-07
67,0,2004-03-08
68,0,2004-03-09
69,69,2004-03-10
70,23,2004-03-11
71,70,2004-03-12
72,44,2004-03-13
73,32,2004-03-14
74,88,2004-03-15
75,67,2004-03-16
76,77,2004-03-17
77,59,2004-03-18
78,44,2004-03-19
79,53,2004-03-20
80,33,2004-03-21
81,84,2004-03-22
82,0,2004-03-23
83,48,2004-03-24
84,72,2004-03-25
85,60,2004-03-26
86,51,2004-03-27
87,52,2004-03-28
88,50,2004-03-29
89,63,2004-03-30
90,68,2004-03-31
91,75,2004-04-01
92,58,2004-04-02
93,57,2004-04-03
94,29,2004-04-04
95,56,2004-04-05
96,66,2004-04-06
97,78,2004-04-07
98,63,2004-04-08
99,46,2004-04-09
100,74,2004-04-10
101,69,2004-04-11
102,0,2004-04-12
103,0,2004-04-13
104,58,2004-04-14
105,76,2004-04-15
106,71,2004-04-16
107,53,2004-04-17
108,100,2004-04-18
109,78,2004-04-19
110,66,2004-04-20
111,70,2004-04-21
112,69,2004-04-22
113,63,2004-04-23
114,54,2004-04-24
115,54,2004-04-25
116,56,2004-04-26
117,73,2004-04-27
118,68,2004-04-28
119,57,2004-04-29
120,62,2004-04-30
121,51,2004-05-01
122,57,2004-05-02
123,59,2004-05-03
124,64,2004-05-04
125,82,2004-05-05
126,82,2004-05-06
127,60,2004-05-07
128,70,2004-05-08
129,100,2004-05-09
130,83,2004-05-10
131,63,2004-05-11
132,64,2004-05-12
133,62,2004-05-13
134,58,2004-05-14
135,49,2004-05-15
136,46,2004-05-16
137,62,2004-05-17
138,56,2004-05-18
139,68,2004-05-19
140,63,2004-05-20
141,55,2004-05-21
142,38,2004-05-22
143,35,2004-05-23
144,77,2004-05-24
145,70,2004-05-25
146,45,2004-05-26
147,80,2004-05-27
148,63,2004-05-28
149,50,2004-05-29
150,28,2004-05-30
151,26,2004-05-31
152,67,2004-06-01
153,84,2004-06-02
154,62,2004-06-03
155,45,2004-06-04
156,50,2004-06-05
157,79,2004-06-06
158,76,2004-06-07
159,81,2004-06-08
160,78,2004-06-09
161,53,2004-06-10
162,82,2004-06-11
163,59,2004-06-12
164,36,2004-06-13
165,67,2004-06-14
166,48,2004-06-15
167,64,2004-06-16
168,81,2004-06-17
169,73,2004-06-18
170,70,2004-06-19
171,52,2004-06-20
172,48,2004-06-21
173,100,2004-06-22
174,80,2004-06-23
175,87,2004-06-24
176,60,2004-06-25
177,47,2004-06-26
178,44,2004-06-27
179,56,2004-06-28
180,65,2004-06-29
181,79,2004-06-30
182,60,2004-07-01
183,63,2004-07-02
184,30,2004-07-03
185,41,2004-07-04
186,54,2004-07-05
187,68,2004-07-06
188,69,2004-07-07
189,58,2004-07-08
190,73,2004-07-09
191,37,2004-07-10
192,55,2004-07-11
193,67,2004-07-12
194,100,2004-07-13
195,49,2004-07-14
196,45,2004-07-15
197,59,2004-07-16
198,21,2004-07-17
199,63,2004-07-18
200,62,2004-07-19
201,79,2004-07-20
202,74,2004-07-21
203,63,2004-07-22
204,62,2004-07-23
205,49,2004-07-24
206,44,2004-07-25
207,85,2004-07-26
208,65,2004-07-27
209,71,2004-07-28
210,68,2004-07-29
211,94,2004-07-30
212,64,2004-07-31
213,56,2004-08-01
214,75,2004-08-02
215,100,2004-08-03
216,76,2004-08-04
217,72,2004-08-05
218,98,2004-08-06
219,63,2004-08-07
220,86,2004-08-08
221,73,2004-08-09
222,60,2004-08-10
223,92,2004-08-11
224,63,2004-08-12
225,58,2004-08-13
226,64,2004-08-14
227,33,2004-08-15
228,71,2004-08-16
229,85,2004-08-17
230,68,2004-08-18
231,72,2004-08-19
232,70,2004-08-20
233,31,2004-08-21
234,51,2004-08-22
235,78,2004-08-23
236,64,2004-08-24
237,93,2004-08-25
238,83,2004-08-26
239,73,2004-08-27
240,79,2004-08-28
241,62,2004-08-29
242,91,2004-08-30
243,67,2004-08-31
244,80,2004-09-01
245,83,2004-09-02
246,55,2004-09-03
247,58,2004-09-04
248,97,2004-09-05
249,32,2004-09-06
250,76,2004-09-07
251,90,2004-09-08
252,68,2004-09-09
253,70,2004-09-10
254,72,2004-09-11
255,57,2004-09-12
256,54,2004-09-13
257,64,2004-09-14
258,66,2004-09-15
259,67,2004-09-16
260,59,2004-09-17
261,45,2004-09-18
262,50,2004-09-19
263,77,2004-09-20
264,76,2004-09-21
265,81,2004-09-22
266,87,2004-09-23
267,79,2004-09-24
268,41,2004-09-25
269,73,2004-09-26
270,66,2004-09-27
271,84,2004-09-28
272,74,2004-09-29
273,100,2004-09-30
274,67,2004-10-01
275,68,2004-10-02
276,47,2004-10-03
277,72,2004-10-04
278,82,2004-10-05
279,66,2004-10-06
280,88,2004-10-07
281,72,2004-10-08
282,73,2004-10-09
283,60,2004-10-10
284,65,2004-10-11
285,94,2004-10-12
286,82,2004-10-13
287,95,2004-10-14
288,78,2004-10-15
289,62,2004-10-16
290,60,2004-10-17
291,72,2004-10-18
292,90,2004-10-19
293,100,2004-10-20
294,91,2004-10-21
295,79,2004-10-22
296,56,2004-10-23
297,42,2004-10-24
298,72,2004-10-25
299,81,2004-10-26
300,77,2004-10-27
301,75,2004-10-28
302,52,2004-10-29
303,67,2004-10-30
304,40,2004-10-31
305,69,2004-11-01
306,63,2004-11-02
307,64,2004-11-03
308,68,2004-11-04
309,61,2004-11-05
310,42,2004-11-06
311,54,2004-11-07
312,56,2004-11-08
313,0,2004-11-09
314,71,2004-11-10
315,74,2004-11-11
316,78,2004-11-12
317,44,2004-11-13
318,49,2004-11-14
319,72,2004-11-15
320,63,2004-11-16
321,70,2004-11-17
322,94,2004-11-18
323,100,2004-11-19
324,97,2004-11-20
325,53,2004-11-21
326,70,2004-11-22
327,56,2004-11-23
328,38,2004-11-24
329,35,2004-11-25
330,39,2004-11-26
331,48,2004-11-27
332,51,2004-11-28
333,82,2004-11-29
334,77,2004-11-30
335,86,2004-12-01
336,96,2004-12-02
337,57,2004-12-03
338,63,2004-12-04
339,52,2004-12-05
340,100,2004-12-06
341,88,2004-12-07
342,77,2004-12-08
343,62,2004-12-09
344,70,2004-12-10
345,36,2004-12-11
346,77,2004-12-12
347,76,2004-12-13
348,61,2004-12-14
349,69,2004-12-15
350,71,2004-12-16
351,62,2004-12-17
352,53,2004-12-18
353,15,2004-12-19
354,80,2004-12-20
355,43,2004-12-21
356,45,2004-12-22
357,39,2004-12-23
358,34,2004-12-24
359,9,2004-12-25
360,36,2004-12-26
361,74,2004-12-27
362,59,2004-12-28
363,90,2004-12-29
364,55,2004-12-30
365,77,2004-12-31
366,52,2005-01-01
367,40,2005-01-02
368,84,2005-01-03
369,85,2005-01-04
370,83,2005-01-05
371,71,2005-01-06
372,66,2005-01-07
373,67,2005-01-08
374,82,2005-01-09
375,72,2005-01-10
376,86,2005-01-11
377,73,2005-01-12
378,68,2005-01-13
379,64,2005-01-14
380,34,2005-01-15
381,49,2005-01-16
382,61,2005-01-17
383,89,2005-01-18
384,100,2005-01-19
385,96,2005-01-20
386,71,2005-01-21
387,57,2005-01-22
388,49,2005-01-23
389,82,2005-01-24
390,87,2005-01-25
391,75,2005-01-26
392,90,2005-01-27
393,68,2005-01-28
394,42,2005-01-29
395,43,2005-01-30
396,70,2005-01-31
397,63,2005-02-01
398,85,2005-02-02
399,100,2005-02-03
400,72,2005-02-04
401,37,2005-02-05
402,73,2005-02-06
403,75,2005-02-07
404,50,2005-02-08
405,69,2005-02-09
406,83,2005-02-10
407,83,2005-02-11
408,50,2005-02-12
409,49,2005-02-13
410,75,2005-02-14
411,82,2005-02-15
412,62,2005-02-16
413,69,2005-02-17
414,71,2005-02-18
415,65,2005-02-19
416,69,2005-02-20
417,94,2005-02-21
418,67,2005-02-22
419,80,2005-02-23
420,71,2005-02-24
421,61,2005-02-25
422,61,2005-02-26
423,29,2005-02-27
424,69,2005-02-28
425,76,2005-03-01
426,74,2005-03-02
427,86,2005-03-03
428,65,2005-03-04
429,74,2005-03-05
430,68,2005-03-06
431,80,2005-03-07
432,88,2005-03-08
433,92,2005-03-09
434,95,2005-03-10
435,78,2005-03-11
436,72,2005-03-12
437,71,2005-03-13
438,76,2005-03-14
439,91,2005-03-15
440,100,2005-03-16
441,69,2005-03-17
442,66,2005-03-18
443,46,2005-03-19
444,41,2005-03-20
445,97,2005-03-21
446,91,2005-03-22
447,78,2005-03-23
448,73,2005-03-24
449,54,2005-03-25
450,76,2005-03-26
451,52,2005-03-27
452,82,2005-03-28
453,79,2005-03-29
454,88,2005-03-30
455,91,2005-03-31
456,76,2005-04-01
457,42,2005-04-02
458,67,2005-04-03
459,62,2005-04-04
460,0,2005-04-05
461,75,2005-04-06
462,99,2005-04-07
463,69,2005-04-08
464,71,2005-04-09
465,55,2005-04-10
466,78,2005-04-11
467,91,2005-04-12
468,99,2005-04-13
469,80,2005-04-14
470,78,2005-04-15
471,32,2005-04-16
472,71,2005-04-17
473,90,2005-04-18
474,80,2005-04-19
475,91,2005-04-20
476,85,2005-04-21
477,72,2005-04-22
478,70,2005-04-23
479,43,2005-04-24
480,81,2005-04-25
481,79,2005-04-26
482,79,2005-04-27
483,100,2005-04-28
484,79,2005-04-29
485,45,2005-04-30
486,69,2005-05-01
487,80,2005-05-02
488,100,2005-05-03
489,92,2005-05-04
490,95,2005-05-05
491,67,2005-05-06
492,66,2005-05-07
493,60,2005-05-08
494,72,2005-05-09
495,78,2005-05-10
496,61,2005-05-11
497,67,2005-05-12
498,66,2005-05-13
499,40,2005-05-14
500,33,2005-05-15
501,68,2005-05-16
502,88,2005-05-17
503,83,2005-05-18
504,72,2005-05-19
505,81,2005-05-20
506,49,2005-05-21
507,45,2005-05-22
508,78,2005-05-23
509,83,2005-05-24
510,75,2005-05-25
511,77,2005-05-26
512,62,2005-05-27
513,72,2005-05-28
514,31,2005-05-29
515,53,2005-05-30
516,59,2005-05-31
517,90,2005-06-01
518,62,2005-06-02
519,64,2005-06-03
520,81,2005-06-04
521,65,2005-06-05
522,66,2005-06-06
523,72,2005-06-07
524,100,2005-06-08
525,74,2005-06-09
526,73,2005-06-10
527,57,2005-06-11
528,64,2005-06-12
529,79,2005-06-13
530,90,2005-06-14
531,91,2005-06-15
532,66,2005-06-16
533,77,2005-06-17
534,50,2005-06-18
535,62,2005-06-19
536,52,2005-06-20
537,77,2005-06-21
538,72,2005-06-22
539,54,2005-06-23
540,63,2005-06-24
541,54,2005-06-25
542,29,2005-06-26
543,87,2005-06-27
544,87,2005-06-28
545,69,2005-06-29
546,69,2005-06-30
547,78,2005-07-01
548,69,2005-07-02
549,45,2005-07-03
550,37,2005-07-04
551,71,2005-07-05
552,86,2005-07-06
553,76,2005-07-07
554,89,2005-07-08
555,68,2005-07-09
556,61,2005-07-10
557,68,2005-07-11
558,94,2005-07-12
559,75,2005-07-13
560,92,2005-07-14
561,62,2005-07-15
562,55,2005-07-16
563,66,2005-07-17
564,75,2005-07-18
565,72,2005-07-19
566,100,2005-07-20
567,67,2005-07-21
568,82,2005-07-22
569,83,2005-07-23
570,55,2005-07-24
571,97,2005-07-25
572,76,2005-07-26
573,82,2005-07-27
574,69,2005-07-28
575,91,2005-07-29
576,50,2005-07-30
577,72,2005-07-31
578,73,2005-08-01
579,92,2005-08-02
580,86,2005-08-03
581,89,2005-08-04
582,78,2005-08-05
583,36,2005-08-06
584,39,2005-08-07
585,83,2005-08-08
586,68,2005-08-09
587,87,2005-08-10
588,83,2005-08-11
589,75,2005-08-12
590,80,2005-08-13
591,51,2005-08-14
592,74,2005-08-15
593,85,2005-08-16
594,100,2005-08-17
595,84,2005-08-18
596,80,2005-08-19
597,61,2005-08-20
598,90,2005-08-21
599,78,2005-08-22
600,87,2005-08-23
601,85,2005-08-24
602,86,2005-08-25
603,88,2005-08-26
604,45,2005-08-27
605,55,2005-08-28
606,82,2005-08-29
607,62,2005-08-30
608,61,2005-08-31
609,68,2005-09-01
610,55,2005-09-02
611,40,2005-09-03
612,39,2005-09-04
613,46,2005-09-05
614,44,2005-09-06
615,60,2005-09-07
616,55,2005-09-08
617,56,2005-09-09
618,44,2005-09-10
619,54,2005-09-11
620,60,2005-09-12
621,85,2005-09-13
622,63,2005-09-14
623,72,2005-09-15
624,62,2005-09-16
625,76,2005-09-17
626,46,2005-09-18
627,49,2005-09-19
628,73,2005-09-20
629,100,2005-09-21
630,64,2005-09-22
631,66,2005-09-23
632,42,2005-09-24
633,61,2005-09-25
634,81,2005-09-26
635,78,2005-09-27
636,76,2005-09-28
637,65,2005-09-29
638,56,2005-09-30
639,61,2005-10-01
640,64,2005-10-02
641,81,2005-10-03
642,86,2005-10-04
643,83,2005-10-05
644,84,2005-10-06
645,78,2005-10-07
646,68,2005-10-08
647,60,2005-10-09
648,73,2005-10-10
649,100,2005-10-11
650,90,2005-10-12
651,74,2005-10-13
652,74,2005-10-14
653,69,2005-10-15
654,75,2005-10-16
655,84,2005-10-17
656,98,2005-10-18
657,89,2005-10-19
658,73,2005-10-20
659,80,2005-10-21
660,54,2005-10-22
661,52,2005-10-23
662,84,2005-10-24
663,94,2005-10-25
664,82,2005-10-26
665,84,2005-10-27
666,76,2005-10-28
667,51,2005-10-29
668,59,2005-10-30
669,89,2005-10-31
670,87,2005-11-01
671,85,2005-11-02
672,87,2005-11-03
673,73,2005-11-04
674,51,2005-11-05
675,82,2005-11-06
676,74,2005-11-07
677,85,2005-11-08
678,100,2005-11-09
679,77,2005-11-10
680,74,2005-11-11
681,52,2005-11-12
682,52,2005-11-13
683,70,2005-11-14
684,74,2005-11-15
685,73,2005-11-16
686,76,2005-11-17
687,78,2005-11-18
688,59,2005-11-19
689,44,2005-11-20
690,70,2005-11-21
691,57,2005-11-22
692,65,2005-11-23
693,30,2005-11-24
694,46,2005-11-25
695,40,2005-11-26
696,49,2005-11-27
697,89,2005-11-28
698,75,2005-11-29
699,91,2005-11-30
700,80,2005-12-01
701,69,2005-12-02
702,50,2005-12-03
703,59,2005-12-04
704,71,2005-12-05
705,90,2005-12-06
706,88,2005-12-07
707,77,2005-12-08
708,85,2005-12-09
709,62,2005-12-10
710,60,2005-12-11
711,72,2005-12-12
712,82,2005-12-13
713,100,2005-12-14
714,89,2005-12-15
715,60,2005-12-16
716,68,2005-12-17
717,55,2005-12-18
718,57,2005-12-19
719,54,2005-12-20
720,83,2005-12-21
721,64,2005-12-22
722,41,2005-12-23
723,25,2005-12-24
724,34,2005-12-25
725,54,2005-12-26
726,78,2005-12-27
727,72,2005-12-28
728,75,2005-12-29
729,72,2005-12-30
730,57,2005-12-31
731,50,2006-01-01
732,51,2006-01-02
733,78,2006-01-03
734,85,2006-01-04
735,81,2006-01-05
736,77,2006-01-06
737,61,2006-01-07
738,34,2006-01-08
739,65,2006-01-09
740,100,2006-01-10
741,70,2006-01-11
742,56,2006-01-12
743,63,2006-01-13
744,76,2006-01-14
745,50,2006-01-15
746,61,2006-01-16
747,68,2006-01-17
748,82,2006-01-18
749,80,2006-01-19
750,82,2006-01-20
751,59,2006-01-21
752,66,2006-01-22
753,80,2006-01-23
754,79,2006-01-24
755,80,2006-01-25
756,89,2006-01-26
757,73,2006-01-27
758,68,2006-01-28
759,49,2006-01-29
760,70,2006-01-30
761,92,2006-01-31
762,91,2006-02-01
763,97,2006-02-02
764,94,2006-02-03
765,78,2006-02-04
766,73,2006-02-05
767,76,2006-02-06
768,99,2006-02-07
769,84,2006-02-08
770,90,2006-02-09
771,80,2006-02-10
772,60,2006-02-11
773,74,2006-02-12
774,89,2006-02-13
775,70,2006-02-14
776,83,2006-02-15
777,77,2006-02-16
778,94,2006-02-17
779,100,2006-02-18
780,45,2006-02-19
781,66,2006-02-20
782,99,2006-02-21
783,86,2006-02-22
784,85,2006-02-23
785,91,2006-02-24
786,47,2006-02-25
787,85,2006-02-26
788,81,2006-02-27
789,81,2006-02-28
790,69,2006-03-01
791,62,2006-03-02
792,67,2006-03-03
793,70,2006-03-04
794,56,2006-03-05
795,68,2006-03-06
796,90,2006-03-07
797,80,2006-03-08
798,85,2006-03-09
799,79,2006-03-10
800,52,2006-03-11
801,55,2006-03-12
802,65,2006-03-13
803,94,2006-03-14
804,74,2006-03-15
805,100,2006-03-16
806,97,2006-03-17
807,68,2006-03-18
808,82,2006-03-19
809,85,2006-03-20
810,74,2006-03-21
811,73,2006-03-22
812,81,2006-03-23
813,85,2006-03-24
814,75,2006-03-25
815,68,2006-03-26
816,84,2006-03-27
817,75,2006-03-28
818,84,2006-03-29
819,75,2006-03-30
820,58,2006-03-31
821,56,2006-04-01
822,42,2006-04-02
823,78,2006-04-03
824,79,2006-04-04
825,72,2006-04-05
826,71,2006-04-06
827,88,2006-04-07
828,60,2006-04-08
829,69,2006-04-09
830,78,2006-04-10
831,90,2006-04-11
832,78,2006-04-12
833,82,2006-04-13
834,83,2006-04-14
835,50,2006-04-15
836,55,2006-04-16
837,91,2006-04-17
838,88,2006-04-18
839,78,2006-04-19
840,93,2006-04-20
841,78,2006-04-21
842,76,2006-04-22
843,65,2006-04-23
844,87,2006-04-24
845,99,2006-04-25
846,100,2006-04-26
847,80,2006-04-27
848,72,2006-04-28
849,50,2006-04-29
850,60,2006-04-30
851,88,2006-05-01
852,84,2006-05-02
853,88,2006-05-03
854,75,2006-05-04
855,86,2006-05-05
856,51,2006-05-06
857,67,2006-05-07
858,86,2006-05-08
859,82,2006-05-09
860,91,2006-05-10
861,100,2006-05-11
862,78,2006-05-12
863,50,2006-05-13
864,55,2006-05-14
865,69,2006-05-15
866,79,2006-05-16
867,81,2006-05-17
868,74,2006-05-18
869,67,2006-05-19
870,50,2006-05-20
871,41,2006-05-21
872,87,2006-05-22
873,64,2006-05-23
874,87,2006-05-24
875,71,2006-05-25
876,56,2006-05-26
877,48,2006-05-27
878,32,2006-05-28
879,52,2006-05-29
880,90,2006-05-30
881,75,2006-05-31
882,80,2006-06-01
883,70,2006-06-02
884,57,2006-06-03
885,58,2006-06-04
886,68,2006-06-05
887,83,2006-06-06
888,74,2006-06-07
889,91,2006-06-08
890,70,2006-06-09
891,77,2006-06-10
892,57,2006-06-11
893,77,2006-06-12
894,83,2006-06-13
895,100,2006-06-14
896,81,2006-06-15
897,70,2006-06-16
898,58,2006-06-17
899,56,2006-06-18
900,84,2006-06-19
901,84,2006-06-20
902,96,2006-06-21
903,84,2006-06-22
904,71,2006-06-23
905,42,2006-06-24
906,67,2006-06-25
907,65,2006-06-26
908,81,2006-06-27
909,82,2006-06-28
910,70,2006-06-29
911,71,2006-06-30
912,46,2006-07-01
913,26,2006-07-02
914,58,2006-07-03
915,55,2006-07-04
916,67,2006-07-05
917,68,2006-07-06
918,70,2006-07-07
919,47,2006-07-08
920,57,2006-07-09
921,71,2006-07-10
922,89,2006-07-11
923,73,2006-07-12
924,74,2006-07-13
925,68,2006-07-14
926,67,2006-07-15
927,62,2006-07-16
928,60,2006-07-17
929,76,2006-07-18
930,100,2006-07-19
931,75,2006-07-20
932,65,2006-07-21
933,52,2006-07-22
934,67,2006-07-23
935,71,2006-07-24
936,70,2006-07-25
937,73,2006-07-26
938,73,2006-07-27
939,63,2006-07-28
940,60,2006-07-29
941,23,2006-07-30
942,69,2006-07-31
943,87,2006-08-01
944,100,2006-08-02
945,87,2006-08-03
946,83,2006-08-04
947,74,2006-08-05
948,69,2006-08-06
949,99,2006-08-07
950,91,2006-08-08
951,89,2006-08-09
952,88,2006-08-10
953,96,2006-08-11
954,73,2006-08-12
955,62,2006-08-13
956,76,2006-08-14
957,91,2006-08-15
958,80,2006-08-16
959,76,2006-08-17
960,77,2006-08-18
961,71,2006-08-19
962,61,2006-08-20
963,91,2006-08-21
964,85,2006-08-22
965,90,2006-08-23
966,79,2006-08-24
967,84,2006-08-25
968,56,2006-08-26
969,69,2006-08-27
970,84,2006-08-28
971,95,2006-08-29
972,79,2006-08-30
973,85,2006-08-31
974,67,2006-09-01
975,51,2006-09-02
976,51,2006-09-03
977,62,2006-09-04
978,81,2006-09-05
979,83,2006-09-06
980,83,2006-09-07
981,88,2006-09-08
982,55,2006-09-09
983,50,2006-09-10
984,85,2006-09-11
985,94,2006-09-12
986,94,2006-09-13
987,78,2006-09-14
988,78,2006-09-15
989,50,2006-09-16
990,70,2006-09-17
991,100,2006-09-18
992,85,2006-09-19
993,82,2006-09-20
994,84,2006-09-21
995,88,2006-09-22
996,65,2006-09-23
997,61,2006-09-24
998,86,2006-09-25
999,98,2006-09-26
1000,96,2006-09-27
1001,96,2006-09-28
1002,82,2006-09-29
1003,71,2006-09-30
1004,64,2006-10-01
1005,86,2006-10-02
1006,93,2006-10-03
1007,72,2006-10-04
1008,78,2006-10-05
1009,75,2006-10-06
1010,43,2006-10-07
1011,72,2006-10-08
1012,66,2006-10-09
1013,100,2006-10-10
1014,84,2006-10-11
1015,80,2006-10-12
1016,77,2006-10-13
1017,58,2006-10-14
1018,71,2006-10-15
1019,89,2006-10-16
1020,79,2006-10-17
1021,89,2006-10-18
1022,76,2006-10-19
1023,70,2006-10-20
1024,57,2006-10-21
1025,55,2006-10-22
1026,85,2006-10-23
1027,74,2006-10-24
1028,86,2006-10-25
1029,89,2006-10-26
1030,80,2006-10-27
1031,73,2006-10-28
1032,65,2006-10-29
1033,89,2006-10-30
1034,77,2006-10-31
1035,84,2006-11-01
1036,87,2006-11-02
1037,74,2006-11-03
1038,61,2006-11-04
1039,56,2006-11-05
1040,85,2006-11-06
1041,84,2006-11-07
1042,79,2006-11-08
1043,85,2006-11-09
1044,77,2006-11-10
1045,67,2006-11-11
1046,54,2006-11-12
1047,78,2006-11-13
1048,92,2006-11-14
1049,100,2006-11-15
1050,70,2006-11-16
1051,64,2006-11-17
1052,69,2006-11-18
1053,61,2006-11-19
1054,80,2006-11-20
1055,79,2006-11-21
1056,55,2006-11-22
1057,35,2006-11-23
1058,64,2006-11-24
1059,68,2006-11-25
1060,66,2006-11-26
1061,82,2006-11-27
1062,85,2006-11-28
1063,96,2006-11-29
1064,85,2006-11-30
1065,78,2006-12-01
1066,55,2006-12-02
1067,80,2006-12-03
1068,92,2006-12-04
1069,91,2006-12-05
1070,96,2006-12-06
1071,91,2006-12-07
1072,84,2006-12-08
1073,71,2006-12-09
1074,83,2006-12-10
1075,83,2006-12-11
1076,90,2006-12-12
1077,89,2006-12-13
1078,94,2006-12-14
1079,81,2006-12-15
1080,62,2006-12-16
1081,51,2006-12-17
1082,75,2006-12-18
1083,76,2006-12-19
1084,79,2006-12-20
1085,58,2006-12-21
1086,58,2006-12-22
1087,49,2006-12-23
1088,24,2006-12-24
1089,34,2006-12-25
1090,55,2006-12-26
1091,79,2006-12-27
1092,100,2006-12-28
1093,65,2006-12-29
1094,50,2006-12-30
1095,56,2006-12-31
1096,40,2007-01-01
1097,58,2007-01-02
1098,81,2007-01-03
1099,75,2007-01-04
1100,76,2007-01-05
1101,52,2007-01-06
1102,49,2007-01-07
1103,71,2007-01-08
1104,77,2007-01-09
1105,77,2007-01-10
1106,78,2007-01-11
1107,70,2007-01-12
1108,61,2007-01-13
1109,48,2007-01-14
1110,73,2007-01-15
1111,64,2007-01-16
1112,75,2007-01-17
1113,81,2007-01-18
1114,74,2007-01-19
1115,70,2007-01-20
1116,66,2007-01-21
1117,83,2007-01-22
1118,97,2007-01-23
1119,100,2007-01-24
1120,100,2007-01-25
1121,87,2007-01-26
1122,59,2007-01-27
1123,65,2007-01-28
1124,78,2007-01-29
1125,68,2007-01-30
1126,80,2007-01-31
1127,60,2007-02-01
1128,79,2007-02-02
1129,67,2007-02-03
1130,60,2007-02-04
1131,87,2007-02-05
1132,100,2007-02-06
1133,69,2007-02-07
1134,86,2007-02-08
1135,73,2007-02-09
1136,55,2007-02-10
1137,65,2007-02-11
1138,85,2007-02-12
1139,88,2007-02-13
1140,80,2007-02-14
1141,82,2007-02-15
1142,86,2007-02-16
1143,59,2007-02-17
1144,67,2007-02-18
1145,63,2007-02-19
1146,90,2007-02-20
1147,83,2007-02-21
1148,85,2007-02-22
1149,85,2007-02-23
1150,46,2007-02-24
1151,73,2007-02-25
1152,90,2007-02-26
1153,95,2007-02-27
1154,89,2007-02-28
1155,82,2007-03-01
1156,78,2007-03-02
1157,63,2007-03-03
1158,64,2007-03-04
1159,88,2007-03-05
1160,86,2007-03-06
1161,88,2007-03-07
1162,90,2007-03-08
1163,74,2007-03-09
1164,82,2007-03-10
1165,58,2007-03-11
1166,87,2007-03-12
1167,93,2007-03-13
1168,82,2007-03-14
1169,90,2007-03-15
1170,73,2007-03-16
1171,62,2007-03-17
1172,79,2007-03-18
1173,93,2007-03-19
1174,92,2007-03-20
1175,95,2007-03-21
1176,83,2007-03-22
1177,81,2007-03-23
1178,63,2007-03-24
1179,65,2007-03-25
1180,96,2007-03-26
1181,100,2007-03-27
1182,95,2007-03-28
1183,80,2007-03-29
1184,79,2007-03-30
1185,56,2007-03-31
1186,64,2007-04-01
1187,72,2007-04-02
1188,86,2007-04-03
1189,92,2007-04-04
1190,85,2007-04-05
1191,85,2007-04-06
1192,58,2007-04-07
1193,45,2007-04-08
1194,89,2007-04-09
1195,86,2007-04-10
1196,78,2007-04-11
1197,96,2007-04-12
1198,69,2007-04-13
1199,79,2007-04-14
1200,64,2007-04-15
1201,79,2007-04-16
1202,99,2007-04-17
1203,93,2007-04-18
1204,81,2007-04-19
1205,69,2007-04-20
1206,77,2007-04-21
1207,47,2007-04-22
1208,85,2007-04-23
1209,84,2007-04-24
1210,89,2007-04-25
1211,100,2007-04-26
1212,83,2007-04-27
1213,63,2007-04-28
1214,54,2007-04-29
1215,77,2007-04-30
1216,91,2007-05-01
1217,87,2007-05-02
1218,100,2007-05-03
1219,86,2007-05-04
1220,76,2007-05-05
1221,56,2007-05-06
1222,85,2007-05-07
1223,95,2007-05-08
1224,78,2007-05-09
1225,81,2007-05-10
1226,88,2007-05-11
1227,58,2007-05-12
1228,69,2007-05-13
1229,83,2007-05-14
1230,79,2007-05-15
1231,81,2007-05-16
1232,80,2007-05-17
1233,68,2007-05-18
1234,68,2007-05-19
1235,53,2007-05-20
1236,83,2007-05-21
1237,80,2007-05-22
1238,81,2007-05-23
1239,77,2007-05-24
1240,70,2007-05-25
1241,62,2007-05-26
1242,59,2007-05-27
1243,38,2007-05-28
1244,87,2007-05-29
1245,82,2007-05-30
1246,79,2007-05-31
1247,70,2007-06-01
1248,57,2007-06-02
1249,47,2007-06-03
1250,90,2007-06-04
1251,83,2007-06-05
1252,79,2007-06-06
1253,84,2007-06-07
1254,78,2007-06-08
1255,61,2007-06-09
1256,63,2007-06-10
1257,76,2007-06-11
1258,100,2007-06-12
1259,88,2007-06-13
1260,99,2007-06-14
1261,70,2007-06-15
1262,62,2007-06-16
1263,53,2007-06-17
1264,79,2007-06-18
1265,72,2007-06-19
1266,74,2007-06-20
1267,83,2007-06-21
1268,76,2007-06-22
1269,59,2007-06-23
1270,58,2007-06-24
1271,92,2007-06-25
1272,83,2007-06-26
1273,79,2007-06-27
1274,82,2007-06-28
1275,87,2007-06-29
1276,55,2007-06-30
1277,55,2007-07-01
1278,72,2007-07-02
1279,86,2007-07-03
1280,64,2007-07-04
1281,100,2007-07-05
1282,76,2007-07-06
1283,63,2007-07-07
1284,54,2007-07-08
1285,83,2007-07-09
1286,89,2007-07-10
1287,91,2007-07-11
1288,87,2007-07-12
1289,61,2007-07-13
1290,55,2007-07-14
1291,69,2007-07-15
1292,85,2007-07-16
1293,95,2007-07-17
1294,96,2007-07-18
1295,81,2007-07-19
1296,77,2007-07-20
1297,74,2007-07-21
1298,70,2007-07-22
1299,95,2007-07-23
1300,91,2007-07-24
1301,92,2007-07-25
1302,86,2007-07-26
1303,80,2007-07-27
1304,71,2007-07-28
1305,58,2007-07-29
1306,84,2007-07-30
1307,89,2007-07-31
1308,95,2007-08-01
1309,84,2007-08-02
1310,80,2007-08-03
1311,54,2007-08-04
1312,76,2007-08-05
1313,85,2007-08-06
1314,86,2007-08-07
1315,82,2007-08-08
1316,84,2007-08-09
1317,93,2007-08-10
1318,70,2007-08-11
1319,59,2007-08-12
1320,100,2007-08-13
1321,83,2007-08-14
1322,85,2007-08-15
1323,81,2007-08-16
1324,76,2007-08-17
1325,56,2007-08-18
1326,58,2007-08-19
1327,79,2007-08-20
1328,87,2007-08-21
1329,81,2007-08-22
1330,88,2007-08-23
1331,79,2007-08-24
1332,56,2007-08-25
1333,55,2007-08-26
1334,91,2007-08-27
1335,82,2007-08-28
1336,81,2007-08-29
1337,84,2007-08-30
1338,80,2007-08-31
1339,46,2007-09-01
1340,42,2007-09-02
1341,58,2007-09-03
1342,72,2007-09-04
1343,80,2007-09-05
1344,100,2007-09-06
1345,74,2007-09-07
1346,65,2007-09-08
1347,58,2007-09-09
1348,85,2007-09-10
1349,81,2007-09-11
1350,81,2007-09-12
1351,80,2007-09-13
1352,74,2007-09-14
1353,61,2007-09-15
1354,69,2007-09-16
1355,75,2007-09-17
1356,92,2007-09-18
1357,94,2007-09-19
1358,89,2007-09-20
1359,82,2007-09-21
1360,65,2007-09-22
1361,62,2007-09-23
1362,94,2007-09-24
1363,83,2007-09-25
1364,97,2007-09-26
1365,87,2007-09-27
1366,86,2007-09-28
1367,68,2007-09-29
1368,75,2007-09-30
1369,97,2007-10-01
1370,90,2007-10-02
1371,96,2007-10-03
1372,91,2007-10-04
1373,87,2007-10-05
1374,57,2007-10-06
1375,73,2007-10-07
1376,90,2007-10-08
1377,91,2007-10-09
1378,100,2007-10-10
1379,99,2007-10-11
1380,87,2007-10-12
1381,73,2007-10-13
1382,66,2007-10-14
1383,98,2007-10-15
1384,98,2007-10-16
1385,93,2007-10-17
1386,94,2007-10-18
1387,100,2007-10-19
1388,75,2007-10-20
1389,73,2007-10-21
1390,88,2007-10-22
1391,87,2007-10-23
1392,95,2007-10-24
1393,91,2007-10-25
1394,84,2007-10-26
1395,69,2007-10-27
1396,56,2007-10-28
1397,97,2007-10-29
1398,95,2007-10-30
1399,80,2007-10-31
1400,90,2007-11-01
1401,79,2007-11-02
1402,65,2007-11-03
1403,69,2007-11-04
1404,83,2007-11-05
1405,78,2007-11-06
1406,86,2007-11-07
1407,100,2007-11-08
1408,87,2007-11-09
1409,64,2007-11-10
1410,75,2007-11-11
1411,84,2007-11-12
1412,78,2007-11-13
1413,88,2007-11-14
1414,90,2007-11-15
1415,85,2007-11-16
1416,58,2007-11-17
1417,54,2007-11-18
1418,86,2007-11-19
1419,75,2007-11-20
1420,63,2007-11-21
1421,45,2007-11-22
1422,50,2007-11-23
1423,50,2007-11-24
1424,60,2007-11-25
1425,87,2007-11-26
1426,90,2007-11-27
1427,78,2007-11-28
1428,76,2007-11-29
1429,73,2007-11-30
1430,67,2007-12-01
1431,71,2007-12-02
1432,94,2007-12-03
1433,100,2007-12-04
1434,91,2007-12-05
1435,88,2007-12-06
1436,70,2007-12-07
1437,68,2007-12-08
1438,61,2007-12-09
1439,87,2007-12-10
1440,78,2007-12-11
1441,82,2007-12-12
1442,79,2007-12-13
1443,81,2007-12-14
1444,53,2007-12-15
1445,54,2007-12-16
1446,75,2007-12-17
1447,83,2007-12-18
1448,86,2007-12-19
1449,71,2007-12-20
1450,66,2007-12-21
1451,44,2007-12-22
1452,61,2007-12-23
1453,60,2007-12-24
1454,42,2007-12-25
1455,72,2007-12-26
1456,90,2007-12-27
1457,86,2007-12-28
1458,71,2007-12-29
1459,58,2007-12-30
1460,62,2007-12-31
1461,61,2008-01-01
1462,83,2008-01-02
1463,87,2008-01-03
1464,89,2008-01-04
1465,79,2008-01-05
1466,73,2008-01-06
1467,94,2008-01-07
1468,85,2008-01-08
1469,97,2008-01-09
1470,99,2008-01-10
1471,86,2008-01-11
1472,75,2008-01-12
1473,68,2008-01-13
1474,87,2008-01-14
1475,94,2008-01-15
1476,100,2008-01-16
1477,93,2008-01-17
1478,100,2008-01-18
1479,77,2008-01-19
1480,74,2008-01-20
1481,92,2008-01-21
1482,86,2008-01-22
1483,95,2008-01-23
1484,94,2008-01-24
1485,89,2008-01-25
1486,76,2008-01-26
1487,79,2008-01-27
1488,93,2008-01-28
1489,92,2008-01-29
1490,90,2008-01-30
1491,97,2008-01-31
1492,85,2008-02-01
1493,83,2008-02-02
1494,81,2008-02-03
1495,94,2008-02-04
1496,99,2008-02-05
1497,96,2008-02-06
1498,84,2008-02-07
1499,93,2008-02-08
1500,71,2008-02-09
1501,61,2008-02-10
1502,91,2008-02-11
1503,88,2008-02-12
1504,86,2008-02-13
1505,84,2008-02-14
1506,82,2008-02-15
1507,78,2008-02-16
1508,67,2008-02-17
1509,91,2008-02-18
1510,93,2008-02-19
1511,99,2008-02-20
1512,89,2008-02-21
1513,84,2008-02-22
1514,79,2008-02-23
1515,73,2008-02-24
1516,87,2008-02-25
1517,96,2008-02-26
1518,91,2008-02-27
1519,100,2008-02-28
1520,92,2008-02-29
1521,68,2008-03-01
1522,71,2008-03-02
1523,85,2008-03-03
1524,89,2008-03-04
1525,99,2008-03-05
1526,79,2008-03-06
1527,68,2008-03-07
1528,66,2008-03-08
1529,67,2008-03-09
1530,82,2008-03-10
1531,97,2008-03-11
1532,86,2008-03-12
1533,93,2008-03-13
1534,79,2008-03-14
1535,61,2008-03-15
1536,61,2008-03-16
1537,91,2008-03-17
1538,100,2008-03-18
1539,99,2008-03-19
1540,90,2008-03-20
1541,74,2008-03-21
1542,55,2008-03-22
1543,60,2008-03-23
1544,78,2008-03-24
1545,92,2008-03-25
1546,93,2008-03-26
1547,90,2008-03-27
1548,75,2008-03-28
1549,67,2008-03-29
1550,61,2008-03-30
1551,83,2008-03-31
1552,83,2008-04-01
1553,86,2008-04-02
1554,92,2008-04-03
1555,79,2008-04-04
1556,66,2008-04-05
1557,68,2008-04-06
1558,78,2008-04-07
1559,93,2008-04-08
1560,90,2008-04-09
1561,100,2008-04-10
1562,78,2008-04-11
1563,68,2008-04-12
1564,66,2008-04-13
1565,91,2008-04-14
1566,91,2008-04-15
1567,84,2008-04-16
1568,96,2008-04-17
1569,78,2008-04-18
1570,65,2008-04-19
1571,74,2008-04-20
1572,84,2008-04-21
1573,100,2008-04-22
1574,94,2008-04-23
1575,99,2008-04-24
1576,74,2008-04-25
1577,62,2008-04-26
1578,56,2008-04-27
1579,85,2008-04-28
1580,87,2008-04-29
1581,95,2008-04-30
1582,90,2008-05-01
1583,88,2008-05-02
1584,56,2008-05-03
1585,63,2008-05-04
1586,93,2008-05-05
1587,86,2008-05-06
1588,100,2008-05-07
1589,90,2008-05-08
1590,95,2008-05-09
1591,60,2008-05-10
1592,59,2008-05-11
1593,89,2008-05-12
1594,90,2008-05-13
1595,90,2008-05-14
1596,81,2008-05-15
1597,82,2008-05-16
1598,55,2008-05-17
1599,57,2008-05-18
1600,90,2008-05-19
1601,81,2008-05-20
1602,83,2008-05-21
1603,93,2008-05-22
1604,80,2008-05-23
1605,65,2008-05-24
1606,47,2008-05-25
1607,46,2008-05-26
1608,89,2008-05-27
1609,90,2008-05-28
1610,82,2008-05-29
1611,74,2008-05-30
1612,65,2008-05-31
1613,63,2008-06-01
1614,95,2008-06-02
1615,92,2008-06-03
1616,93,2008-06-04
1617,81,2008-06-05
1618,82,2008-06-06
1619,55,2008-06-07
1620,52,2008-06-08
1621,85,2008-06-09
1622,95,2008-06-10
1623,100,2008-06-11
1624,89,2008-06-12
1625,73,2008-06-13
1626,69,2008-06-14
1627,57,2008-06-15
1628,87,2008-06-16
1629,91,2008-06-17
1630,90,2008-06-18
1631,85,2008-06-19
1632,87,2008-06-20
1633,77,2008-06-21
1634,74,2008-06-22
1635,91,2008-06-23
1636,85,2008-06-24
1637,92,2008-06-25
1638,87,2008-06-26
1639,74,2008-06-27
1640,83,2008-06-28
1641,53,2008-06-29
1642,84,2008-06-30
1643,70,2008-07-01
1644,75,2008-07-02
1645,76,2008-07-03
1646,40,2008-07-04
1647,50,2008-07-05
1648,55,2008-07-06
1649,92,2008-07-07
1650,96,2008-07-08
1651,79,2008-07-09
1652,75,2008-07-10
1653,76,2008-07-11
1654,70,2008-07-12
1655,61,2008-07-13
1656,79,2008-07-14
1657,91,2008-07-15
1658,83,2008-07-16
1659,84,2008-07-17
1660,77,2008-07-18
1661,58,2008-07-19
1662,68,2008-07-20
1663,93,2008-07-21
1664,86,2008-07-22
1665,73,2008-07-23
1666,77,2008-07-24
1667,65,2008-07-25
1668,60,2008-07-26
1669,61,2008-07-27
1670,86,2008-07-28
1671,100,2008-07-29
1672,92,2008-07-30
1673,71,2008-07-31
1674,89,2008-08-01
1675,62,2008-08-02
1676,64,2008-08-03
1677,90,2008-08-04
1678,89,2008-08-05
1679,100,2008-08-06
1680,91,2008-08-07
1681,83,2008-08-08
1682,64,2008-08-09
1683,53,2008-08-10
1684,93,2008-08-11
1685,87,2008-08-12
1686,100,2008-08-13
1687,86,2008-08-14
1688,74,2008-08-15
1689,60,2008-08-16
1690,50,2008-08-17
1691,86,2008-08-18
1692,89,2008-08-19
1693,92,2008-08-20
1694,93,2008-08-21
1695,87,2008-08-22
1696,66,2008-08-23
1697,73,2008-08-24
1698,94,2008-08-25
1699,84,2008-08-26
1700,99,2008-08-27
1701,92,2008-08-28
1702,90,2008-08-29
1703,69,2008-08-30
1704,65,2008-08-31
1705,48,2008-09-01
1706,62,2008-09-02
1707,74,2008-09-03
1708,69,2008-09-04
1709,58,2008-09-05
1710,46,2008-09-06
1711,59,2008-09-07
1712,68,2008-09-08
1713,76,2008-09-09
1714,76,2008-09-10
1715,65,2008-09-11
1716,64,2008-09-12
1717,45,2008-09-13
1718,54,2008-09-14
1719,82,2008-09-15
1720,81,2008-09-16
1721,84,2008-09-17
1722,81,2008-09-18
1723,91,2008-09-19
1724,77,2008-09-20
1725,73,2008-09-21
1726,89,2008-09-22
1727,94,2008-09-23
1728,83,2008-09-24
1729,97,2008-09-25
1730,92,2008-09-26
1731,67,2008-09-27
1732,67,2008-09-28
1733,87,2008-09-29
1734,100,2008-09-30
1735,80,2008-10-01
1736,78,2008-10-02
1737,69,2008-10-03
1738,50,2008-10-04
1739,65,2008-10-05
1740,66,2008-10-06
1741,87,2008-10-07
1742,98,2008-10-08
1743,100,2008-10-09
1744,83,2008-10-10
1745,58,2008-10-11
1746,65,2008-10-12
1747,95,2008-10-13
1748,80,2008-10-14
1749,70,2008-10-15
1750,70,2008-10-16
1751,69,2008-10-17
1752,50,2008-10-18
1753,53,2008-10-19
1754,63,2008-10-20
1755,66,2008-10-21
1756,68,2008-10-22
1757,70,2008-10-23
1758,56,2008-10-24
1759,45,2008-10-25
1760,46,2008-10-26
1761,69,2008-10-27
1762,65,2008-10-28
1763,68,2008-10-29
1764,72,2008-10-30
1765,64,2008-10-31
1766,60,2008-11-01
1767,66,2008-11-02
1768,68,2008-11-03
1769,85,2008-11-04
1770,79,2008-11-05
1771,86,2008-11-06
1772,77,2008-11-07
1773,78,2008-11-08
1774,68,2008-11-09
1775,91,2008-11-10
1776,92,2008-11-11
1777,100,2008-11-12
1778,100,2008-11-13
1779,87,2008-11-14
1780,68,2008-11-15
1781,63,2008-11-16
1782,100,2008-11-17
1783,86,2008-11-18
1784,82,2008-11-19
1785,89,2008-11-20
1786,81,2008-11-21
1787,75,2008-11-22
1788,63,2008-11-23
1789,85,2008-11-24
1790,89,2008-11-25
1791,77,2008-11-26
1792,52,2008-11-27
1793,62,2008-11-28
1794,62,2008-11-29
1795,65,2008-11-30
1796,82,2008-12-01
1797,100,2008-12-02
1798,92,2008-12-03
1799,96,2008-12-04
1800,84,2008-12-05
1801,72,2008-12-06
1802,67,2008-12-07
1803,88,2008-12-08
1804,87,2008-12-09
1805,93,2008-12-10
1806,90,2008-12-11
1807,86,2008-12-12
1808,56,2008-12-13
1809,58,2008-12-14
1810,79,2008-12-15
1811,83,2008-12-16
1812,82,2008-12-17
1813,83,2008-12-18
1814,63,2008-12-19
1815,62,2008-12-20
1816,61,2008-12-21
1817,72,2008-12-22
1818,67,2008-12-23
1819,46,2008-12-24
1820,31,2008-12-25
1821,54,2008-12-26
1822,58,2008-12-27
1823,59,2008-12-28
1824,91,2008-12-29
1825,72,2008-12-30
1826,66,2008-12-31
1827,71,2009-01-01
1828,74,2009-01-02
1829,79,2009-01-03
1830,66,2009-01-04
1831,94,2009-01-05
1832,91,2009-01-06
1833,97,2009-01-07
1834,98,2009-01-08
1835,84,2009-01-09
1836,74,2009-01-10
1837,70,2009-01-11
1838,91,2009-01-12
1839,100,2009-01-13
1840,98,2009-01-14
1841,90,2009-01-15
1842,82,2009-01-16
1843,59,2009-01-17
1844,62,2009-01-18
1845,80,2009-01-19
1846,88,2009-01-20
1847,100,2009-01-21
1848,89,2009-01-22
1849,89,2009-01-23
1850,70,2009-01-24
1851,70,2009-01-25
1852,90,2009-01-26
1853,86,2009-01-27
1854,85,2009-01-28
1855,97,2009-01-29
1856,89,2009-01-30
1857,73,2009-01-31
1858,64,2009-02-01
1859,75,2009-02-02
1860,83,2009-02-03
1861,91,2009-02-04
1862,77,2009-02-05
1863,78,2009-02-06
1864,74,2009-02-07
1865,67,2009-02-08
1866,84,2009-02-09
1867,90,2009-02-10
1868,90,2009-02-11
1869,84,2009-02-12
1870,89,2009-02-13
1871,69,2009-02-14
1872,63,2009-02-15
1873,80,2009-02-16
1874,97,2009-02-17
1875,90,2009-02-18
1876,85,2009-02-19
1877,87,2009-02-20
1878,78,2009-02-21
1879,70,2009-02-22
1880,80,2009-02-23
1881,99,2009-02-24
1882,98,2009-02-25
1883,100,2009-02-26
1884,82,2009-02-27
1885,73,2009-02-28
1886,73,2009-03-01
1887,74,2009-03-02
1888,88,2009-03-03
1889,92,2009-03-04
1890,100,2009-03-05
1891,83,2009-03-06
1892,58,2009-03-07
1893,63,2009-03-08
1894,78,2009-03-09
1895,80,2009-03-10
1896,85,2009-03-11
1897,79,2009-03-12
1898,68,2009-03-13
1899,59,2009-03-14
1900,59,2009-03-15
1901,81,2009-03-16
1902,79,2009-03-17
1903,89,2009-03-18
1904,82,2009-03-19
1905,82,2009-03-20
1906,56,2009-03-21
1907,63,2009-03-22
1908,81,2009-03-23
1909,95,2009-03-24
1910,91,2009-03-25
1911,92,2009-03-26
1912,73,2009-03-27
1913,62,2009-03-28
1914,60,2009-03-29
1915,86,2009-03-30
1916,83,2009-03-31
1917,88,2009-04-01
1918,80,2009-04-02
1919,77,2009-04-03
1920,59,2009-04-04
1921,66,2009-04-05
1922,85,2009-04-06
1923,89,2009-04-07
1924,75,2009-04-08
1925,80,2009-04-09
1926,81,2009-04-10
1927,71,2009-04-11
1928,64,2009-04-12
1929,83,2009-04-13
1930,91,2009-04-14
1931,100,2009-04-15
1932,92,2009-04-16
1933,82,2009-04-17
1934,65,2009-04-18
1935,63,2009-04-19
1936,79,2009-04-20
1937,91,2009-04-21
1938,85,2009-04-22
1939,80,2009-04-23
1940,77,2009-04-24
1941,56,2009-04-25
1942,62,2009-04-26
1943,84,2009-04-27
1944,78,2009-04-28
1945,82,2009-04-29
1946,93,2009-04-30
1947,94,2009-05-01
1948,76,2009-05-02
1949,74,2009-05-03
1950,99,2009-05-04
1951,99,2009-05-05
1952,96,2009-05-06
1953,93,2009-05-07
1954,79,2009-05-08
1955,64,2009-05-09
1956,67,2009-05-10
1957,89,2009-05-11
1958,86,2009-05-12
1959,87,2009-05-13
1960,89,2009-05-14
1961,84,2009-05-15
1962,64,2009-05-16
1963,65,2009-05-17
1964,89,2009-05-18
1965,97,2009-05-19
1966,100,2009-05-20
1967,88,2009-05-21
1968,84,2009-05-22
1969,54,2009-05-23
1970,65,2009-05-24
1971,64,2009-05-25
1972,88,2009-05-26
1973,92,2009-05-27
1974,90,2009-05-28
1975,79,2009-05-29
1976,68,2009-05-30
1977,66,2009-05-31
1978,95,2009-06-01
1979,86,2009-06-02
1980,98,2009-06-03
1981,94,2009-06-04
1982,82,2009-06-05
1983,68,2009-06-06
1984,64,2009-06-07
1985,85,2009-06-08
1986,91,2009-06-09
1987,89,2009-06-10
1988,94,2009-06-11
1989,76,2009-06-12
1990,57,2009-06-13
1991,62,2009-06-14
1992,77,2009-06-15
1993,98,2009-06-16
1994,81,2009-06-17
1995,91,2009-06-18
1996,78,2009-06-19
1997,62,2009-06-20
1998,59,2009-06-21
1999,91,2009-06-22
2000,95,2009-06-23
2001,100,2009-06-24
2002,91,2009-06-25
2003,94,2009-06-26
2004,84,2009-06-27
2005,70,2009-06-28
2006,92,2009-06-29
2007,88,2009-06-30
2008,94,2009-07-01
2009,83,2009-07-02
2010,81,2009-07-03
2011,80,2009-07-04
2012,69,2009-07-05
2013,88,2009-07-06
2014,92,2009-07-07
2015,91,2009-07-08
2016,95,2009-07-09
2017,83,2009-07-10
2018,67,2009-07-11
2019,80,2009-07-12
2020,81,2009-07-13
2021,92,2009-07-14
2022,94,2009-07-15
2023,96,2009-07-16
2024,80,2009-07-17
2025,58,2009-07-18
2026,69,2009-07-19
2027,77,2009-07-20
2028,100,2009-07-21
2029,92,2009-07-22
2030,88,2009-07-23
2031,85,2009-07-24
2032,63,2009-07-25
2033,46,2009-07-26
2034,81,2009-07-27
2035,96,2009-07-28
2036,83,2009-07-29
2037,88,2009-07-30
2038,76,2009-07-31
2039,59,2009-08-01
2040,46,2009-08-02
2041,76,2009-08-03
2042,78,2009-08-04
2043,70,2009-08-05
2044,70,2009-08-06
2045,69,2009-08-07
2046,46,2009-08-08
2047,61,2009-08-09
2048,71,2009-08-10
2049,84,2009-08-11
2050,75,2009-08-12
2051,72,2009-08-13
2052,65,2009-08-14
2053,51,2009-08-15
2054,57,2009-08-16
2055,69,2009-08-17
2056,71,2009-08-18
2057,72,2009-08-19
2058,71,2009-08-20
2059,70,2009-08-21
2060,50,2009-08-22
2061,53,2009-08-23
2062,79,2009-08-24
2063,100,2009-08-25
2064,89,2009-08-26
2065,76,2009-08-27
2066,73,2009-08-28
2067,50,2009-08-29
2068,49,2009-08-30
2069,68,2009-08-31
2070,100,2009-09-01
2071,84,2009-09-02
2072,93,2009-09-03
2073,78,2009-09-04
2074,58,2009-09-05
2075,57,2009-09-06
2076,70,2009-09-07
2077,84,2009-09-08
2078,99,2009-09-09
2079,86,2009-09-10
2080,76,2009-09-11
2081,65,2009-09-12
2082,61,2009-09-13
2083,85,2009-09-14
2084,92,2009-09-15
2085,87,2009-09-16
2086,84,2009-09-17
2087,90,2009-09-18
2088,65,2009-09-19
2089,65,2009-09-20
2090,92,2009-09-21
2091,94,2009-09-22
2092,84,2009-09-23
2093,94,2009-09-24
2094,92,2009-09-25
2095,61,2009-09-26
2096,59,2009-09-27
2097,91,2009-09-28
2098,98,2009-09-29
2099,98,2009-09-30
2100,85,2009-10-01
2101,81,2009-10-02
2102,51,2009-10-03
2103,52,2009-10-04
2104,81,2009-10-05
2105,81,2009-10-06
2106,72,2009-10-07
2107,81,2009-10-08
2108,73,2009-10-09
2109,57,2009-10-10
2110,55,2009-10-11
2111,77,2009-10-12
2112,95,2009-10-13
2113,100,2009-10-14
2114,81,2009-10-15
2115,73,2009-10-16
2116,65,2009-10-17
2117,55,2009-10-18
2118,89,2009-10-19
2119,87,2009-10-20
2120,88,2009-10-21
2121,85,2009-10-22
2122,74,2009-10-23
2123,59,2009-10-24
2124,45,2009-10-25
2125,78,2009-10-26
2126,93,2009-10-27
2127,87,2009-10-28
2128,82,2009-10-29
2129,66,2009-10-30
2130,48,2009-10-31
2131,57,2009-11-01
2132,86,2009-11-02
2133,91,2009-11-03
2134,83,2009-11-04
2135,83,2009-11-05
2136,82,2009-11-06
2137,58,2009-11-07
2138,56,2009-11-08
2139,83,2009-11-09
2140,93,2009-11-10
2141,87,2009-11-11
2142,92,2009-11-12
2143,84,2009-11-13
2144,59,2009-11-14
2145,65,2009-11-15
2146,89,2009-11-16
2147,96,2009-11-17
2148,98,2009-11-18
2149,91,2009-11-19
2150,80,2009-11-20
2151,55,2009-11-21
2152,63,2009-11-22
2153,87,2009-11-23
2154,99,2009-11-24
2155,72,2009-11-25
2156,45,2009-11-26
2157,84,2009-11-27
2158,75,2009-11-28
2159,71,2009-11-29
2160,100,2009-11-30
2161,91,2009-12-01
2162,100,2009-12-02
2163,92,2009-12-03
2164,81,2009-12-04
2165,54,2009-12-05
2166,61,2009-12-06
2167,79,2009-12-07
2168,89,2009-12-08
2169,92,2009-12-09
2170,88,2009-12-10
2171,82,2009-12-11
2172,60,2009-12-12
2173,62,2009-12-13
2174,87,2009-12-14
2175,83,2009-12-15
2176,87,2009-12-16
2177,94,2009-12-17
2178,68,2009-12-18
2179,61,2009-12-19
2180,38,2009-12-20
2181,67,2009-12-21
2182,59,2009-12-22
2183,63,2009-12-23
2184,49,2009-12-24
2185,35,2009-12-25
2186,43,2009-12-26
2187,48,2009-12-27
2188,81,2009-12-28
2189,71,2009-12-29
2190,77,2009-12-30
2191,57,2009-12-31
2192,38,2010-01-01
2193,47,2010-01-02
2194,51,2010-01-03
2195,74,2010-01-04
2196,84,2010-01-05
2197,89,2010-01-06
2198,78,2010-01-07
2199,76,2010-01-08
2200,55,2010-01-09
2201,50,2010-01-10
2202,70,2010-01-11
2203,86,2010-01-12
2204,81,2010-01-13
2205,78,2010-01-14
2206,69,2010-01-15
2207,64,2010-01-16
2208,60,2010-01-17
2209,68,2010-01-18
2210,77,2010-01-19
2211,84,2010-01-20
2212,83,2010-01-21
2213,80,2010-01-22
2214,54,2010-01-23
2215,51,2010-01-24
2216,79,2010-01-25
2217,93,2010-01-26
2218,88,2010-01-27
2219,100,2010-01-28
2220,90,2010-01-29
2221,59,2010-01-30
2222,59,2010-01-31
2223,78,2010-02-01
2224,88,2010-02-02
2225,81,2010-02-03
2226,100,2010-02-04
2227,81,2010-02-05
2228,55,2010-02-06
2229,53,2010-02-07
2230,72,2010-02-08
2231,77,2010-02-09
2232,79,2010-02-10
2233,73,2010-02-11
2234,66,2010-02-12
2235,52,2010-02-13
2236,49,2010-02-14
2237,73,2010-02-15
2238,77,2010-02-16
2239,88,2010-02-17
2240,84,2010-02-18
2241,75,2010-02-19
2242,52,2010-02-20
2243,53,2010-02-21
2244,67,2010-02-22
2245,78,2010-02-23
2246,71,2010-02-24
2247,79,2010-02-25
2248,63,2010-02-26
2249,44,2010-02-27
2250,51,2010-02-28
2251,86,2010-03-01
2252,99,2010-03-02
2253,96,2010-03-03
2254,95,2010-03-04
2255,93,2010-03-05
2256,64,2010-03-06
2257,65,2010-03-07
2258,85,2010-03-08
2259,84,2010-03-09
2260,88,2010-03-10
2261,87,2010-03-11
2262,85,2010-03-12
2263,61,2010-03-13
2264,53,2010-03-14
2265,92,2010-03-15
2266,87,2010-03-16
2267,90,2010-03-17
2268,84,2010-03-18
2269,83,2010-03-19
2270,58,2010-03-20
2271,56,2010-03-21
2272,98,2010-03-22
2273,99,2010-03-23
2274,97,2010-03-24
2275,92,2010-03-25
2276,91,2010-03-26
2277,57,2010-03-27
2278,58,2010-03-28
2279,82,2010-03-29
2280,100,2010-03-30
2281,91,2010-03-31
2282,75,2010-04-01
2283,64,2010-04-02
2284,48,2010-04-03
2285,53,2010-04-04
2286,70,2010-04-05
2287,73,2010-04-06
2288,80,2010-04-07
2289,75,2010-04-08
2290,70,2010-04-09
2291,56,2010-04-10
2292,56,2010-04-11
2293,85,2010-04-12
2294,81,2010-04-13
2295,78,2010-04-14
2296,80,2010-04-15
2297,70,2010-04-16
2298,54,2010-04-17
2299,54,2010-04-18
2300,74,2010-04-19
2301,83,2010-04-20
2302,76,2010-04-21
2303,79,2010-04-22
2304,65,2010-04-23
2305,48,2010-04-24
2306,57,2010-04-25
2307,75,2010-04-26
2308,100,2010-04-27
2309,84,2010-04-28
2310,84,2010-04-29
2311,69,2010-04-30
2312,52,2010-05-01
2313,60,2010-05-02
2314,75,2010-05-03
2315,91,2010-05-04
2316,100,2010-05-05
2317,98,2010-05-06
2318,94,2010-05-07
2319,62,2010-05-08
2320,55,2010-05-09
2321,85,2010-05-10
2322,98,2010-05-11
2323,100,2010-05-12
2324,90,2010-05-13
2325,79,2010-05-14
2326,65,2010-05-15
2327,63,2010-05-16
2328,85,2010-05-17
2329,79,2010-05-18
2330,81,2010-05-19
2331,83,2010-05-20
2332,69,2010-05-21
2333,58,2010-05-22
2334,47,2010-05-23
2335,78,2010-05-24
2336,79,2010-05-25
2337,96,2010-05-26
2338,78,2010-05-27
2339,59,2010-05-28
2340,52,2010-05-29
2341,49,2010-05-30
2342,46,2010-05-31
2343,76,2010-06-01
2344,100,2010-06-02
2345,94,2010-06-03
2346,80,2010-06-04
2347,59,2010-06-05
2348,58,2010-06-06
2349,88,2010-06-07
2350,86,2010-06-08
2351,88,2010-06-09
2352,79,2010-06-10
2353,80,2010-06-11
2354,50,2010-06-12
2355,52,2010-06-13
2356,83,2010-06-14
2357,90,2010-06-15
2358,90,2010-06-16
2359,81,2010-06-17
2360,86,2010-06-18
2361,59,2010-06-19
2362,57,2010-06-20
2363,81,2010-06-21
2364,76,2010-06-22
2365,84,2010-06-23
2366,83,2010-06-24
2367,82,2010-06-25
2368,53,2010-06-26
2369,55,2010-06-27
2370,77,2010-06-28
2371,92,2010-06-29
2372,90,2010-06-30
2373,96,2010-07-01
2374,75,2010-07-02
2375,64,2010-07-03
2376,56,2010-07-04
2377,61,2010-07-05
2378,84,2010-07-06
2379,89,2010-07-07
2380,82,2010-07-08
2381,79,2010-07-09
2382,50,2010-07-10
2383,57,2010-07-11
2384,83,2010-07-12
2385,98,2010-07-13
2386,93,2010-07-14
2387,86,2010-07-15
2388,78,2010-07-16
2389,62,2010-07-17
2390,51,2010-07-18
2391,84,2010-07-19
2392,91,2010-07-20
2393,86,2010-07-21
2394,85,2010-07-22
2395,79,2010-07-23
2396,59,2010-07-24
2397,51,2010-07-25
2398,89,2010-07-26
2399,100,2010-07-27
2400,82,2010-07-28
2401,82,2010-07-29
2402,67,2010-07-30
2403,64,2010-07-31
2404,65,2010-08-01
2405,88,2010-08-02
2406,86,2010-08-03
2407,81,2010-08-04
2408,85,2010-08-05
2409,83,2010-08-06
2410,55,2010-08-07
2411,53,2010-08-08
2412,89,2010-08-09
2413,94,2010-08-10
2414,94,2010-08-11
2415,95,2010-08-12
2416,76,2010-08-13
2417,52,2010-08-14
2418,67,2010-08-15
2419,84,2010-08-16
2420,86,2010-08-17
2421,88,2010-08-18
2422,87,2010-08-19
2423,78,2010-08-20
2424,57,2010-08-21
2425,62,2010-08-22
2426,79,2010-08-23
2427,87,2010-08-24
2428,100,2010-08-25
2429,84,2010-08-26
2430,89,2010-08-27
2431,55,2010-08-28
2432,53,2010-08-29
2433,89,2010-08-30
2434,89,2010-08-31
2435,82,2010-09-01
2436,88,2010-09-02
2437,63,2010-09-03
2438,52,2010-09-04
2439,50,2010-09-05
2440,61,2010-09-06
2441,92,2010-09-07
2442,93,2010-09-08
2443,94,2010-09-09
2444,85,2010-09-10
2445,52,2010-09-11
2446,68,2010-09-12
2447,87,2010-09-13
2448,94,2010-09-14
2449,94,2010-09-15
2450,91,2010-09-16
2451,77,2010-09-17
2452,61,2010-09-18
2453,50,2010-09-19
2454,89,2010-09-20
2455,94,2010-09-21
2456,100,2010-09-22
2457,93,2010-09-23
2458,93,2010-09-24
2459,59,2010-09-25
2460,61,2010-09-26
2461,96,2010-09-27
2462,90,2010-09-28
2463,97,2010-09-29
2464,86,2010-09-30
2465,78,2010-10-01
2466,49,2010-10-02
2467,60,2010-10-03
2468,80,2010-10-04
2469,82,2010-10-05
2470,88,2010-10-06
2471,94,2010-10-07
2472,78,2010-10-08
2473,57,2010-10-09
2474,66,2010-10-10
2475,79,2010-10-11
2476,83,2010-10-12
2477,87,2010-10-13
2478,85,2010-10-14
2479,78,2010-10-15
2480,57,2010-10-16
2481,55,2010-10-17
2482,93,2010-10-18
2483,98,2010-10-19
2484,91,2010-10-20
2485,90,2010-10-21
2486,77,2010-10-22
2487,51,2010-10-23
2488,59,2010-10-24
2489,89,2010-10-25
2490,100,2010-10-26
2491,92,2010-10-27
2492,85,2010-10-28
2493,68,2010-10-29
2494,52,2010-10-30
2495,64,2010-10-31
2496,86,2010-11-01
2497,79,2010-11-02
2498,100,2010-11-03
2499,98,2010-11-04
2500,79,2010-11-05
2501,52,2010-11-06
2502,56,2010-11-07
2503,90,2010-11-08
2504,92,2010-11-09
2505,94,2010-11-10
2506,90,2010-11-11
2507,81,2010-11-12
2508,59,2010-11-13
2509,56,2010-11-14
2510,93,2010-11-15
2511,92,2010-11-16
2512,93,2010-11-17
2513,91,2010-11-18
2514,71,2010-11-19
2515,46,2010-11-20
2516,54,2010-11-21
2517,69,2010-11-22
2518,70,2010-11-23
2519,63,2010-11-24
2520,37,2010-11-25
2521,44,2010-11-26
2522,47,2010-11-27
2523,55,2010-11-28
2524,84,2010-11-29
2525,85,2010-11-30
2526,94,2010-12-01
2527,100,2010-12-02
2528,81,2010-12-03
2529,63,2010-12-04
2530,59,2010-12-05
2531,93,2010-12-06
2532,83,2010-12-07
2533,84,2010-12-08
2534,91,2010-12-09
2535,83,2010-12-10
2536,49,2010-12-11
2537,47,2010-12-12
2538,71,2010-12-13
2539,72,2010-12-14
2540,76,2010-12-15
2541,74,2010-12-16
2542,67,2010-12-17
2543,47,2010-12-18
2544,37,2010-12-19
2545,68,2010-12-20
2546,66,2010-12-21
2547,63,2010-12-22
2548,56,2010-12-23
2549,39,2010-12-24
2550,29,2010-12-25
2551,34,2010-12-26
2552,48,2010-12-27
2553,63,2010-12-28
2554,73,2010-12-29
2555,66,2010-12-30
2556,55,2010-12-31
2557,43,2011-01-01
2558,54,2011-01-02
2559,83,2011-01-03
2560,91,2011-01-04
2561,88,2011-01-05
2562,87,2011-01-06
2563,86,2011-01-07
2564,58,2011-01-08
2565,56,2011-01-09
2566,72,2011-01-10
2567,83,2011-01-11
2568,80,2011-01-12
2569,75,2011-01-13
2570,86,2011-01-14
2571,65,2011-01-15
2572,67,2011-01-16
2573,74,2011-01-17
2574,87,2011-01-18
2575,89,2011-01-19
2576,84,2011-01-20
2577,83,2011-01-21
2578,62,2011-01-22
2579,61,2011-01-23
2580,80,2011-01-24
2581,86,2011-01-25
2582,100,2011-01-26
2583,91,2011-01-27
2584,89,2011-01-28
2585,67,2011-01-29
2586,71,2011-01-30
2587,80,2011-01-31
2588,87,2011-02-01
2589,82,2011-02-02
2590,81,2011-02-03
2591,84,2011-02-04
2592,68,2011-02-05
2593,69,2011-02-06
2594,83,2011-02-07
2595,92,2011-02-08
2596,90,2011-02-09
2597,92,2011-02-10
2598,81,2011-02-11
2599,58,2011-02-12
2600,65,2011-02-13
2601,91,2011-02-14
2602,100,2011-02-15
2603,96,2011-02-16
2604,89,2011-02-17
2605,88,2011-02-18
2606,61,2011-02-19
2607,58,2011-02-20
2608,77,2011-02-21
2609,89,2011-02-22
2610,95,2011-02-23
2611,85,2011-02-24
2612,86,2011-02-25
2613,54,2011-02-26
2614,62,2011-02-27
2615,81,2011-02-28
2616,100,2011-03-01
2617,96,2011-03-02
2618,85,2011-03-03
2619,85,2011-03-04
2620,59,2011-03-05
2621,57,2011-03-06
2622,86,2011-03-07
2623,96,2011-03-08
2624,96,2011-03-09
2625,89,2011-03-10
2626,72,2011-03-11
2627,59,2011-03-12
2628,59,2011-03-13
2629,90,2011-03-14
2630,90,2011-03-15
2631,86,2011-03-16
2632,80,2011-03-17
2633,73,2011-03-18
2634,57,2011-03-19
2635,64,2011-03-20
2636,85,2011-03-21
2637,94,2011-03-22
2638,93,2011-03-23
2639,87,2011-03-24
2640,83,2011-03-25
2641,63,2011-03-26
2642,67,2011-03-27
2643,85,2011-03-28
2644,95,2011-03-29
2645,91,2011-03-30
2646,83,2011-03-31
2647,56,2011-04-01
2648,44,2011-04-02
2649,41,2011-04-03
2650,68,2011-04-04
2651,77,2011-04-05
2652,70,2011-04-06
2653,74,2011-04-07
2654,72,2011-04-08
2655,71,2011-04-09
2656,61,2011-04-10
2657,87,2011-04-11
2658,90,2011-04-12
2659,100,2011-04-13
2660,86,2011-04-14
2661,72,2011-04-15
2662,51,2011-04-16
2663,55,2011-04-17
2664,84,2011-04-18
2665,89,2011-04-19
2666,83,2011-04-20
2667,72,2011-04-21
2668,52,2011-04-22
2669,48,2011-04-23
2670,50,2011-04-24
2671,73,2011-04-25
2672,73,2011-04-26
2673,72,2011-04-27
2674,62,2011-04-28
2675,57,2011-04-29
2676,46,2011-04-30
2677,60,2011-05-01
2678,73,2011-05-02
2679,80,2011-05-03
2680,77,2011-05-04
2681,71,2011-05-05
2682,67,2011-05-06
2683,57,2011-05-07
2684,53,2011-05-08
2685,72,2011-05-09
2686,83,2011-05-10
2687,72,2011-05-11
2688,82,2011-05-12
2689,73,2011-05-13
2690,52,2011-05-14
2691,62,2011-05-15
2692,100,2011-05-16
2693,99,2011-05-17
2694,86,2011-05-18
2695,82,2011-05-19
2696,71,2011-05-20
2697,49,2011-05-21
2698,49,2011-05-22
2699,86,2011-05-23
2700,78,2011-05-24
2701,68,2011-05-25
2702,68,2011-05-26
2703,57,2011-05-27
2704,44,2011-05-28
2705,39,2011-05-29
2706,48,2011-05-30
2707,78,2011-05-31
2708,94,2011-06-01
2709,81,2011-06-02
2710,80,2011-06-03
2711,58,2011-06-04
2712,57,2011-06-05
2713,80,2011-06-06
2714,73,2011-06-07
2715,78,2011-06-08
2716,73,2011-06-09
2717,66,2011-06-10
2718,55,2011-06-11
2719,49,2011-06-12
2720,70,2011-06-13
2721,74,2011-06-14
2722,75,2011-06-15
2723,75,2011-06-16
2724,71,2011-06-17
2725,52,2011-06-18
2726,55,2011-06-19
2727,74,2011-06-20
2728,75,2011-06-21
2729,84,2011-06-22
2730,76,2011-06-23
2731,72,2011-06-24
2732,51,2011-06-25
2733,59,2011-06-26
2734,77,2011-06-27
2735,85,2011-06-28
2736,100,2011-06-29
2737,95,2011-06-30
2738,18,2011-07-01
2739,13,2011-07-02
2740,12,2011-07-03
2741,13,2011-07-04
2742,19,2011-07-05
2743,22,2011-07-06
2744,21,2011-07-07
2745,21,2011-07-08
2746,16,2011-07-09
2747,19,2011-07-10
2748,30,2011-07-11
2749,35,2011-07-12
2750,35,2011-07-13
2751,43,2011-07-14
2752,37,2011-07-15
2753,28,2011-07-16
2754,26,2011-07-17
2755,31,2011-07-18
2756,36,2011-07-19
2757,34,2011-07-20
2758,33,2011-07-21
2759,34,2011-07-22
2760,36,2011-07-23
2761,42,2011-07-24
2762,53,2011-07-25
2763,83,2011-07-26
2764,69,2011-07-27
2765,72,2011-07-28
2766,100,2011-07-29
2767,80,2011-07-30
2768,79,2011-07-31
2769,100,2011-08-01
2770,95,2011-08-02
2771,49,2011-08-03
2772,35,2011-08-04
2773,28,2011-08-05
2774,39,2011-08-06
2775,26,2011-08-07
2776,33,2011-08-08
2777,27,2011-08-09
2778,25,2011-08-10
2779,20,2011-08-11
2780,18,2011-08-12
2781,15,2011-08-13
2782,14,2011-08-14
2783,18,2011-08-15
2784,18,2011-08-16
2785,20,2011-08-17
2786,19,2011-08-18
2787,17,2011-08-19
2788,13,2011-08-20
2789,15,2011-08-21
2790,16,2011-08-22
2791,17,2011-08-23
2792,18,2011-08-24
2793,18,2011-08-25
2794,17,2011-08-26
2795,13,2011-08-27
2796,14,2011-08-28
2797,17,2011-08-29
2798,19,2011-08-30
2799,22,2011-08-31
2800,81,2011-09-01
2801,93,2011-09-02
2802,83,2011-09-03
2803,96,2011-09-04
2804,100,2011-09-05
2805,82,2011-09-06
2806,81,2011-09-07
2807,80,2011-09-08
2808,74,2011-09-09
2809,75,2011-09-10
2810,65,2011-09-11
2811,78,2011-09-12
2812,69,2011-09-13
2813,72,2011-09-14
2814,69,2011-09-15
2815,70,2011-09-16
2816,59,2011-09-17
2817,61,2011-09-18
2818,80,2011-09-19
2819,69,2011-09-20
2820,69,2011-09-21
2821,70,2011-09-22
2822,68,2011-09-23
2823,54,2011-09-24
2824,57,2011-09-25
2825,66,2011-09-26
2826,66,2011-09-27
2827,69,2011-09-28
2828,70,2011-09-29
2829,67,2011-09-30
2830,75,2011-10-01
2831,66,2011-10-02
2832,81,2011-10-03
2833,85,2011-10-04
2834,80,2011-10-05
2835,83,2011-10-06
2836,75,2011-10-07
2837,57,2011-10-08
2838,64,2011-10-09
2839,73,2011-10-10
2840,87,2011-10-11
2841,76,2011-10-12
2842,75,2011-10-13
2843,70,2011-10-14
2844,57,2011-10-15
2845,55,2011-10-16
2846,74,2011-10-17
2847,83,2011-10-18
2848,82,2011-10-19
2849,79,2011-10-20
2850,73,2011-10-21
2851,61,2011-10-22
2852,66,2011-10-23
2853,78,2011-10-24
2854,83,2011-10-25
2855,100,2011-10-26
2856,85,2011-10-27
2857,73,2011-10-28
2858,52,2011-10-29
2859,56,2011-10-30
2860,77,2011-10-31
2861,91,2011-11-01
2862,99,2011-11-02
2863,95,2011-11-03
2864,85,2011-11-04
2865,63,2011-11-05
2866,66,2011-11-06
2867,83,2011-11-07
2868,91,2011-11-08
2869,97,2011-11-09
2870,96,2011-11-10
2871,71,2011-11-11
2872,59,2011-11-12
2873,63,2011-11-13
2874,87,2011-11-14
2875,87,2011-11-15
2876,100,2011-11-16
2877,93,2011-11-17
2878,91,2011-11-18
2879,58,2011-11-19
2880,58,2011-11-20
2881,97,2011-11-21
2882,91,2011-11-22
2883,81,2011-11-23
2884,63,2011-11-24
2885,66,2011-11-25
2886,66,2011-11-26
2887,66,2011-11-27
2888,81,2011-11-28
2889,91,2011-11-29
2890,92,2011-11-30
2891,96,2011-12-01
2892,91,2011-12-02
2893,68,2011-12-03
2894,74,2011-12-04
2895,99,2011-12-05
2896,96,2011-12-06
2897,100,2011-12-07
2898,98,2011-12-08
2899,94,2011-12-09
2900,84,2011-12-10
2901,86,2011-12-11
2902,89,2011-12-12
2903,96,2011-12-13
2904,87,2011-12-14
2905,82,2011-12-15
2906,88,2011-12-16
2907,68,2011-12-17
2908,66,2011-12-18
2909,75,2011-12-19
2910,71,2011-12-20
2911,71,2011-12-21
2912,73,2011-12-22
2913,53,2011-12-23
2914,41,2011-12-24
2915,49,2011-12-25
2916,55,2011-12-26
2917,76,2011-12-27
2918,75,2011-12-28
2919,78,2011-12-29
2920,73,2011-12-30
2921,64,2011-12-31
