,date,debt
0,2004-01-04,98
1,2004-01-05,98
2,2004-01-06,98
3,2004-01-07,98
4,2004-01-08,98
5,2004-01-09,98
6,2004-01-10,98
0,2004-01-11,83
1,2004-01-12,83
2,2004-01-13,83
3,2004-01-14,83
4,2004-01-15,83
5,2004-01-16,83
6,2004-01-17,83
0,2004-01-18,88
1,2004-01-19,88
2,2004-01-20,88
3,2004-01-21,88
4,2004-01-22,88
5,2004-01-23,88
6,2004-01-24,88
0,2004-01-25,90
1,2004-01-26,90
2,2004-01-27,90
3,2004-01-28,90
4,2004-01-29,90
5,2004-01-30,90
6,2004-01-31,90
0,2004-02-01,89
1,2004-02-02,89
2,2004-02-03,89
3,2004-02-04,89
4,2004-02-05,89
5,2004-02-06,89
6,2004-02-07,89
0,2004-02-08,86
1,2004-02-09,86
2,2004-02-10,86
3,2004-02-11,86
4,2004-02-12,86
5,2004-02-13,86
6,2004-02-14,86
0,2004-02-15,81
1,2004-02-16,81
2,2004-02-17,81
3,2004-02-18,81
4,2004-02-19,81
5,2004-02-20,81
6,2004-02-21,81
0,2004-02-22,89
1,2004-02-23,89
2,2004-02-24,89
3,2004-02-25,89
4,2004-02-26,89
5,2004-02-27,89
6,2004-02-28,89
0,2004-02-29,89
1,2004-03-01,89
2,2004-03-02,89
3,2004-03-03,89
4,2004-03-04,89
5,2004-03-05,89
6,2004-03-06,89
0,2004-03-07,80
1,2004-03-08,80
2,2004-03-09,80
3,2004-03-10,80
4,2004-03-11,80
5,2004-03-12,80
6,2004-03-13,80
0,2004-03-14,78
1,2004-03-15,78
2,2004-03-16,78
3,2004-03-17,78
4,2004-03-18,78
5,2004-03-19,78
6,2004-03-20,78
0,2004-03-21,72
1,2004-03-22,72
2,2004-03-23,72
3,2004-03-24,72
4,2004-03-25,72
5,2004-03-26,72
6,2004-03-27,72
0,2004-03-28,79
1,2004-03-29,79
2,2004-03-30,79
3,2004-03-31,79
4,2004-04-01,79
5,2004-04-02,79
6,2004-04-03,79
0,2004-04-04,75
1,2004-04-05,75
2,2004-04-06,75
3,2004-04-07,75
4,2004-04-08,75
5,2004-04-09,75
6,2004-04-10,75
0,2004-04-11,88
1,2004-04-12,88
2,2004-04-13,88
3,2004-04-14,88
4,2004-04-15,88
5,2004-04-16,88
6,2004-04-17,88
0,2004-04-18,87
1,2004-04-19,87
2,2004-04-20,87
3,2004-04-21,87
4,2004-04-22,87
5,2004-04-23,87
6,2004-04-24,87
0,2004-04-25,80
1,2004-04-26,80
2,2004-04-27,80
3,2004-04-28,80
4,2004-04-29,80
5,2004-04-30,80
6,2004-05-01,80
0,2004-05-02,84
1,2004-05-03,84
2,2004-05-04,84
3,2004-05-05,84
4,2004-05-06,84
5,2004-05-07,84
6,2004-05-08,84
0,2004-05-09,87
1,2004-05-10,87
2,2004-05-11,87
3,2004-05-12,87
4,2004-05-13,87
5,2004-05-14,87
6,2004-05-15,87
0,2004-05-16,72
1,2004-05-17,72
2,2004-05-18,72
3,2004-05-19,72
4,2004-05-20,72
5,2004-05-21,72
6,2004-05-22,72
0,2004-05-23,78
1,2004-05-24,78
2,2004-05-25,78
3,2004-05-26,78
4,2004-05-27,78
5,2004-05-28,78
6,2004-05-29,78
0,2004-05-30,76
1,2004-05-31,76
2,2004-06-01,76
3,2004-06-02,76
4,2004-06-03,76
5,2004-06-04,76
6,2004-06-05,76
0,2004-06-06,95
1,2004-06-07,95
2,2004-06-08,95
3,2004-06-09,95
4,2004-06-10,95
5,2004-06-11,95
6,2004-06-12,95
0,2004-06-13,79
1,2004-06-14,79
2,2004-06-15,79
3,2004-06-16,79
4,2004-06-17,79
5,2004-06-18,79
6,2004-06-19,79
0,2004-06-20,87
1,2004-06-21,87
2,2004-06-22,87
3,2004-06-23,87
4,2004-06-24,87
5,2004-06-25,87
6,2004-06-26,87
0,2004-06-27,67
1,2004-06-28,67
2,2004-06-29,67
3,2004-06-30,67
4,2004-07-01,67
5,2004-07-02,67
6,2004-07-03,67
0,2004-07-04,76
1,2004-07-05,76
2,2004-07-06,76
3,2004-07-07,76
4,2004-07-08,76
5,2004-07-09,76
6,2004-07-10,76
0,2004-07-11,81
1,2004-07-12,81
2,2004-07-13,81
3,2004-07-14,81
4,2004-07-15,81
5,2004-07-16,81
6,2004-07-17,81
0,2004-07-18,80
1,2004-07-19,80
2,2004-07-20,80
3,2004-07-21,80
4,2004-07-22,80
5,2004-07-23,80
6,2004-07-24,80
0,2004-07-25,85
1,2004-07-26,85
2,2004-07-27,85
3,2004-07-28,85
4,2004-07-29,85
5,2004-07-30,85
6,2004-07-31,85
0,2004-08-01,81
1,2004-08-02,81
2,2004-08-03,81
3,2004-08-04,81
4,2004-08-05,81
5,2004-08-06,81
6,2004-08-07,81
0,2004-08-08,71
1,2004-08-09,71
2,2004-08-10,71
3,2004-08-11,71
4,2004-08-12,71
5,2004-08-13,71
6,2004-08-14,71
0,2004-08-15,63
1,2004-08-16,63
2,2004-08-17,63
3,2004-08-18,63
4,2004-08-19,63
5,2004-08-20,63
6,2004-08-21,63
0,2004-08-22,71
1,2004-08-23,71
2,2004-08-24,71
3,2004-08-25,71
4,2004-08-26,71
5,2004-08-27,71
6,2004-08-28,71
0,2004-08-29,83
1,2004-08-30,83
2,2004-08-31,83
3,2004-09-01,83
4,2004-09-02,83
5,2004-09-03,83
6,2004-09-04,83
0,2004-09-05,81
1,2004-09-06,81
2,2004-09-07,81
3,2004-09-08,81
4,2004-09-09,81
5,2004-09-10,81
6,2004-09-11,81
0,2004-09-12,70
1,2004-09-13,70
2,2004-09-14,70
3,2004-09-15,70
4,2004-09-16,70
5,2004-09-17,70
6,2004-09-18,70
0,2004-09-19,83
1,2004-09-20,83
2,2004-09-21,83
3,2004-09-22,83
4,2004-09-23,83
5,2004-09-24,83
6,2004-09-25,83
0,2004-09-26,88
1,2004-09-27,88
2,2004-09-28,88
3,2004-09-29,88
4,2004-09-30,88
5,2004-10-01,88
6,2004-10-02,88
0,2004-10-03,85
1,2004-10-04,85
2,2004-10-05,85
3,2004-10-06,85
4,2004-10-07,85
5,2004-10-08,85
6,2004-10-09,85
0,2004-10-10,84
1,2004-10-11,84
2,2004-10-12,84
3,2004-10-13,84
4,2004-10-14,84
5,2004-10-15,84
6,2004-10-16,84
0,2004-10-17,92
1,2004-10-18,92
2,2004-10-19,92
3,2004-10-20,92
4,2004-10-21,92
5,2004-10-22,92
6,2004-10-23,92
0,2004-10-24,79
1,2004-10-25,79
2,2004-10-26,79
3,2004-10-27,79
4,2004-10-28,79
5,2004-10-29,79
6,2004-10-30,79
0,2004-10-31,81
1,2004-11-01,81
2,2004-11-02,81
3,2004-11-03,81
4,2004-11-04,81
5,2004-11-05,81
6,2004-11-06,81
0,2004-11-07,84
1,2004-11-08,84
2,2004-11-09,84
3,2004-11-10,84
4,2004-11-11,84
5,2004-11-12,84
6,2004-11-13,84
0,2004-11-14,100
1,2004-11-15,100
2,2004-11-16,100
3,2004-11-17,100
4,2004-11-18,100
5,2004-11-19,100
6,2004-11-20,100
0,2004-11-21,71
1,2004-11-22,71
2,2004-11-23,71
3,2004-11-24,71
4,2004-11-25,71
5,2004-11-26,71
6,2004-11-27,71
0,2004-11-28,86
1,2004-11-29,86
2,2004-11-30,86
3,2004-12-01,86
4,2004-12-02,86
5,2004-12-03,86
6,2004-12-04,86
0,2004-12-05,81
1,2004-12-06,81
2,2004-12-07,81
3,2004-12-08,81
4,2004-12-09,81
5,2004-12-10,81
6,2004-12-11,81
0,2004-12-12,74
1,2004-12-13,74
2,2004-12-14,74
3,2004-12-15,74
4,2004-12-16,74
5,2004-12-17,74
6,2004-12-18,74
0,2004-12-19,53
1,2004-12-20,53
2,2004-12-21,53
3,2004-12-22,53
4,2004-12-23,53
5,2004-12-24,53
6,2004-12-25,53
0,2004-12-26,70
1,2004-12-27,70
2,2004-12-28,70
3,2004-12-29,70
4,2004-12-30,70
5,2004-12-31,70
6,2005-01-01,70
0,2005-01-02,94
1,2005-01-03,94
2,2005-01-04,94
3,2005-01-05,94
4,2005-01-06,94
5,2005-01-07,94
6,2005-01-08,94
0,2005-01-09,91
1,2005-01-10,91
2,2005-01-11,91
3,2005-01-12,91
4,2005-01-13,91
5,2005-01-14,91
6,2005-01-15,91
0,2005-01-16,98
1,2005-01-17,98
2,2005-01-18,98
3,2005-01-19,98
4,2005-01-20,98
5,2005-01-21,98
6,2005-01-22,98
0,2005-01-23,95
1,2005-01-24,95
2,2005-01-25,95
3,2005-01-26,95
4,2005-01-27,95
5,2005-01-28,95
6,2005-01-29,95
0,2005-01-30,88
1,2005-01-31,88
2,2005-02-01,88
3,2005-02-02,88
4,2005-02-03,88
5,2005-02-04,88
6,2005-02-05,88
0,2005-02-06,88
1,2005-02-07,88
2,2005-02-08,88
3,2005-02-09,88
4,2005-02-10,88
5,2005-02-11,88
6,2005-02-12,88
0,2005-02-13,88
1,2005-02-14,88
2,2005-02-15,88
3,2005-02-16,88
4,2005-02-17,88
5,2005-02-18,88
6,2005-02-19,88
0,2005-02-20,94
1,2005-02-21,94
2,2005-02-22,94
3,2005-02-23,94
4,2005-02-24,94
5,2005-02-25,94
6,2005-02-26,94
0,2005-02-27,84
1,2005-02-28,84
2,2005-03-01,84
3,2005-03-02,84
4,2005-03-03,84
5,2005-03-04,84
6,2005-03-05,84
0,2005-03-06,100
1,2005-03-07,100
2,2005-03-08,100
3,2005-03-09,100
4,2005-03-10,100
5,2005-03-11,100
6,2005-03-12,100
0,2005-03-13,85
1,2005-03-14,85
2,2005-03-15,85
3,2005-03-16,85
4,2005-03-17,85
5,2005-03-18,85
6,2005-03-19,85
0,2005-03-20,95
1,2005-03-21,95
2,2005-03-22,95
3,2005-03-23,95
4,2005-03-24,95
5,2005-03-25,95
6,2005-03-26,95
0,2005-03-27,93
1,2005-03-28,93
2,2005-03-29,93
3,2005-03-30,93
4,2005-03-31,93
5,2005-04-01,93
6,2005-04-02,93
0,2005-04-03,91
1,2005-04-04,91
2,2005-04-05,91
3,2005-04-06,91
4,2005-04-07,91
5,2005-04-08,91
6,2005-04-09,91
0,2005-04-10,91
1,2005-04-11,91
2,2005-04-12,91
3,2005-04-13,91
4,2005-04-14,91
5,2005-04-15,91
6,2005-04-16,91
0,2005-04-17,94
1,2005-04-18,94
2,2005-04-19,94
3,2005-04-20,94
4,2005-04-21,94
5,2005-04-22,94
6,2005-04-23,94
0,2005-04-24,92
1,2005-04-25,92
2,2005-04-26,92
3,2005-04-27,92
4,2005-04-28,92
5,2005-04-29,92
6,2005-04-30,92
0,2005-05-01,98
1,2005-05-02,98
2,2005-05-03,98
3,2005-05-04,98
4,2005-05-05,98
5,2005-05-06,98
6,2005-05-07,98
0,2005-05-08,78
1,2005-05-09,78
2,2005-05-10,78
3,2005-05-11,78
4,2005-05-12,78
5,2005-05-13,78
6,2005-05-14,78
0,2005-05-15,85
1,2005-05-16,85
2,2005-05-17,85
3,2005-05-18,85
4,2005-05-19,85
5,2005-05-20,85
6,2005-05-21,85
0,2005-05-22,84
1,2005-05-23,84
2,2005-05-24,84
3,2005-05-25,84
4,2005-05-26,84
5,2005-05-27,84
6,2005-05-28,84
0,2005-05-29,73
1,2005-05-30,73
2,2005-05-31,73
3,2005-06-01,73
4,2005-06-02,73
5,2005-06-03,73
6,2005-06-04,73
0,2005-06-05,86
1,2005-06-06,86
2,2005-06-07,86
3,2005-06-08,86
4,2005-06-09,86
5,2005-06-10,86
6,2005-06-11,86
0,2005-06-12,89
1,2005-06-13,89
2,2005-06-14,89
3,2005-06-15,89
4,2005-06-16,89
5,2005-06-17,89
6,2005-06-18,89
0,2005-06-19,71
1,2005-06-20,71
2,2005-06-21,71
3,2005-06-22,71
4,2005-06-23,71
5,2005-06-24,71
6,2005-06-25,71
0,2005-06-26,86
1,2005-06-27,86
2,2005-06-28,86
3,2005-06-29,86
4,2005-06-30,86
5,2005-07-01,86
6,2005-07-02,86
0,2005-07-03,80
1,2005-07-04,80
2,2005-07-05,80
3,2005-07-06,80
4,2005-07-07,80
5,2005-07-08,80
6,2005-07-09,80
0,2005-07-10,84
1,2005-07-11,84
2,2005-07-12,84
3,2005-07-13,84
4,2005-07-14,84
5,2005-07-15,84
6,2005-07-16,84
0,2005-07-17,84
1,2005-07-18,84
2,2005-07-19,84
3,2005-07-20,84
4,2005-07-21,84
5,2005-07-22,84
6,2005-07-23,84
0,2005-07-24,87
1,2005-07-25,87
2,2005-07-26,87
3,2005-07-27,87
4,2005-07-28,87
5,2005-07-29,87
6,2005-07-30,87
0,2005-07-31,83
1,2005-08-01,83
2,2005-08-02,83
3,2005-08-03,83
4,2005-08-04,83
5,2005-08-05,83
6,2005-08-06,83
0,2005-08-07,83
1,2005-08-08,83
2,2005-08-09,83
3,2005-08-10,83
4,2005-08-11,83
5,2005-08-12,83
6,2005-08-13,83
0,2005-08-14,84
1,2005-08-15,84
2,2005-08-16,84
3,2005-08-17,84
4,2005-08-18,84
5,2005-08-19,84
6,2005-08-20,84
0,2005-08-21,84
1,2005-08-22,84
2,2005-08-23,84
3,2005-08-24,84
4,2005-08-25,84
5,2005-08-26,84
6,2005-08-27,84
0,2005-08-28,77
1,2005-08-29,77
2,2005-08-30,77
3,2005-08-31,77
4,2005-09-01,77
5,2005-09-02,77
6,2005-09-03,77
0,2005-09-04,74
1,2005-09-05,74
2,2005-09-06,74
3,2005-09-07,74
4,2005-09-08,74
5,2005-09-09,74
6,2005-09-10,74
0,2005-09-11,93
1,2005-09-12,93
2,2005-09-13,93
3,2005-09-14,93
4,2005-09-15,93
5,2005-09-16,93
6,2005-09-17,93
0,2005-09-18,89
1,2005-09-19,89
2,2005-09-20,89
3,2005-09-21,89
4,2005-09-22,89
5,2005-09-23,89
6,2005-09-24,89
0,2005-09-25,91
1,2005-09-26,91
2,2005-09-27,91
3,2005-09-28,91
4,2005-09-29,91
5,2005-09-30,91
6,2005-10-01,91
0,2005-10-02,84
1,2005-10-03,84
2,2005-10-04,84
3,2005-10-05,84
4,2005-10-06,84
5,2005-10-07,84
6,2005-10-08,84
0,2005-10-09,81
1,2005-10-10,81
2,2005-10-11,81
3,2005-10-12,81
4,2005-10-13,81
5,2005-10-14,81
6,2005-10-15,81
0,2005-10-16,83
1,2005-10-17,83
2,2005-10-18,83
3,2005-10-19,83
4,2005-10-20,83
5,2005-10-21,83
6,2005-10-22,83
0,2005-10-23,79
1,2005-10-24,79
2,2005-10-25,79
3,2005-10-26,79
4,2005-10-27,79
5,2005-10-28,79
6,2005-10-29,79
0,2005-10-30,91
1,2005-10-31,91
2,2005-11-01,91
3,2005-11-02,91
4,2005-11-03,91
5,2005-11-04,91
6,2005-11-05,91
0,2005-11-06,84
1,2005-11-07,84
2,2005-11-08,84
3,2005-11-09,84
4,2005-11-10,84
5,2005-11-11,84
6,2005-11-12,84
0,2005-11-13,82
1,2005-11-14,82
2,2005-11-15,82
3,2005-11-16,82
4,2005-11-17,82
5,2005-11-18,82
6,2005-11-19,82
0,2005-11-20,62
1,2005-11-21,62
2,2005-11-22,62
3,2005-11-23,62
4,2005-11-24,62
5,2005-11-25,62
6,2005-11-26,62
0,2005-11-27,86
1,2005-11-28,86
2,2005-11-29,86
3,2005-11-30,86
4,2005-12-01,86
5,2005-12-02,86
6,2005-12-03,86
0,2005-12-04,82
1,2005-12-05,82
2,2005-12-06,82
3,2005-12-07,82
4,2005-12-08,82
5,2005-12-09,82
6,2005-12-10,82
0,2005-12-11,83
1,2005-12-12,83
2,2005-12-13,83
3,2005-12-14,83
4,2005-12-15,83
5,2005-12-16,83
6,2005-12-17,83
0,2005-12-18,59
1,2005-12-19,59
2,2005-12-20,59
3,2005-12-21,59
4,2005-12-22,59
5,2005-12-23,59
6,2005-12-24,59
0,2005-12-25,76
1,2005-12-26,76
2,2005-12-27,76
3,2005-12-28,76
4,2005-12-29,76
5,2005-12-30,76
6,2005-12-31,76
0,2006-01-01,87
1,2006-01-02,87
2,2006-01-03,87
3,2006-01-04,87
4,2006-01-05,87
5,2006-01-06,87
6,2006-01-07,87
0,2006-01-08,84
1,2006-01-09,84
2,2006-01-10,84
3,2006-01-11,84
4,2006-01-12,84
5,2006-01-13,84
6,2006-01-14,84
0,2006-01-15,85
1,2006-01-16,85
2,2006-01-17,85
3,2006-01-18,85
4,2006-01-19,85
5,2006-01-20,85
6,2006-01-21,85
0,2006-01-22,90
1,2006-01-23,90
2,2006-01-24,90
3,2006-01-25,90
4,2006-01-26,90
5,2006-01-27,90
6,2006-01-28,90
0,2006-01-29,95
1,2006-01-30,95
2,2006-01-31,95
3,2006-02-01,95
4,2006-02-02,95
5,2006-02-03,95
6,2006-02-04,95
0,2006-02-05,94
1,2006-02-06,94
2,2006-02-07,94
3,2006-02-08,94
4,2006-02-09,94
5,2006-02-10,94
6,2006-02-11,94
0,2006-02-12,92
1,2006-02-13,92
2,2006-02-14,92
3,2006-02-15,92
4,2006-02-16,92
5,2006-02-17,92
6,2006-02-18,92
0,2006-02-19,91
1,2006-02-20,91
2,2006-02-21,91
3,2006-02-22,91
4,2006-02-23,91
5,2006-02-24,91
6,2006-02-25,91
0,2006-02-26,84
1,2006-02-27,84
2,2006-02-28,84
3,2006-03-01,84
4,2006-03-02,84
5,2006-03-03,84
6,2006-03-04,84
0,2006-03-05,94
1,2006-03-06,94
2,2006-03-07,94
3,2006-03-08,94
4,2006-03-09,94
5,2006-03-10,94
6,2006-03-11,94
0,2006-03-12,100
1,2006-03-13,100
2,2006-03-14,100
3,2006-03-15,100
4,2006-03-16,100
5,2006-03-17,100
6,2006-03-18,100
0,2006-03-19,99
1,2006-03-20,99
2,2006-03-21,99
3,2006-03-22,99
4,2006-03-23,99
5,2006-03-24,99
6,2006-03-25,99
0,2006-03-26,89
1,2006-03-27,89
2,2006-03-28,89
3,2006-03-29,89
4,2006-03-30,89
5,2006-03-31,89
6,2006-04-01,89
0,2006-04-02,90
1,2006-04-03,90
2,2006-04-04,90
3,2006-04-05,90
4,2006-04-06,90
5,2006-04-07,90
6,2006-04-08,90
0,2006-04-09,90
1,2006-04-10,90
2,2006-04-11,90
3,2006-04-12,90
4,2006-04-13,90
5,2006-04-14,90
6,2006-04-15,90
0,2006-04-16,93
1,2006-04-17,93
2,2006-04-18,93
3,2006-04-19,93
4,2006-04-20,93
5,2006-04-21,93
6,2006-04-22,93
0,2006-04-23,94
1,2006-04-24,94
2,2006-04-25,94
3,2006-04-26,94
4,2006-04-27,94
5,2006-04-28,94
6,2006-04-29,94
0,2006-04-30,92
1,2006-05-01,92
2,2006-05-02,92
3,2006-05-03,92
4,2006-05-04,92
5,2006-05-05,92
6,2006-05-06,92
0,2006-05-07,95
1,2006-05-08,95
2,2006-05-09,95
3,2006-05-10,95
4,2006-05-11,95
5,2006-05-12,95
6,2006-05-13,95
0,2006-05-14,78
1,2006-05-15,78
2,2006-05-16,78
3,2006-05-17,78
4,2006-05-18,78
5,2006-05-19,78
6,2006-05-20,78
0,2006-05-21,82
1,2006-05-22,82
2,2006-05-23,82
3,2006-05-24,82
4,2006-05-25,82
5,2006-05-26,82
6,2006-05-27,82
0,2006-05-28,82
1,2006-05-29,82
2,2006-05-30,82
3,2006-05-31,82
4,2006-06-01,82
5,2006-06-02,82
6,2006-06-03,82
0,2006-06-04,86
1,2006-06-05,86
2,2006-06-06,86
3,2006-06-07,86
4,2006-06-08,86
5,2006-06-09,86
6,2006-06-10,86
0,2006-06-11,88
1,2006-06-12,88
2,2006-06-13,88
3,2006-06-14,88
4,2006-06-15,88
5,2006-06-16,88
6,2006-06-17,88
0,2006-06-18,84
1,2006-06-19,84
2,2006-06-20,84
3,2006-06-21,84
4,2006-06-22,84
5,2006-06-23,84
6,2006-06-24,84
0,2006-06-25,81
1,2006-06-26,81
2,2006-06-27,81
3,2006-06-28,81
4,2006-06-29,81
5,2006-06-30,81
6,2006-07-01,81
0,2006-07-02,81
1,2006-07-03,81
2,2006-07-04,81
3,2006-07-05,81
4,2006-07-06,81
5,2006-07-07,81
6,2006-07-08,81
0,2006-07-09,98
1,2006-07-10,98
2,2006-07-11,98
3,2006-07-12,98
4,2006-07-13,98
5,2006-07-14,98
6,2006-07-15,98
0,2006-07-16,100
1,2006-07-17,100
2,2006-07-18,100
3,2006-07-19,100
4,2006-07-20,100
5,2006-07-21,100
6,2006-07-22,100
0,2006-07-23,94
1,2006-07-24,94
2,2006-07-25,94
3,2006-07-26,94
4,2006-07-27,94
5,2006-07-28,94
6,2006-07-29,94
0,2006-07-30,89
1,2006-07-31,89
2,2006-08-01,89
3,2006-08-02,89
4,2006-08-03,89
5,2006-08-04,89
6,2006-08-05,89
0,2006-08-06,92
1,2006-08-07,92
2,2006-08-08,92
3,2006-08-09,92
4,2006-08-10,92
5,2006-08-11,92
6,2006-08-12,92
0,2006-08-13,84
1,2006-08-14,84
2,2006-08-15,84
3,2006-08-16,84
4,2006-08-17,84
5,2006-08-18,84
6,2006-08-19,84
0,2006-08-20,81
1,2006-08-21,81
2,2006-08-22,81
3,2006-08-23,81
4,2006-08-24,81
5,2006-08-25,81
6,2006-08-26,81
0,2006-08-27,85
1,2006-08-28,85
2,2006-08-29,85
3,2006-08-30,85
4,2006-08-31,85
5,2006-09-01,85
6,2006-09-02,85
0,2006-09-03,78
1,2006-09-04,78
2,2006-09-05,78
3,2006-09-06,78
4,2006-09-07,78
5,2006-09-08,78
6,2006-09-09,78
0,2006-09-10,83
1,2006-09-11,83
2,2006-09-12,83
3,2006-09-13,83
4,2006-09-14,83
5,2006-09-15,83
6,2006-09-16,83
0,2006-09-17,82
1,2006-09-18,82
2,2006-09-19,82
3,2006-09-20,82
4,2006-09-21,82
5,2006-09-22,82
6,2006-09-23,82
0,2006-09-24,88
1,2006-09-25,88
2,2006-09-26,88
3,2006-09-27,88
4,2006-09-28,88
5,2006-09-29,88
6,2006-09-30,88
0,2006-10-01,86
1,2006-10-02,86
2,2006-10-03,86
3,2006-10-04,86
4,2006-10-05,86
5,2006-10-06,86
6,2006-10-07,86
0,2006-10-08,92
1,2006-10-09,92
2,2006-10-10,92
3,2006-10-11,92
4,2006-10-12,92
5,2006-10-13,92
6,2006-10-14,92
0,2006-10-15,88
1,2006-10-16,88
2,2006-10-17,88
3,2006-10-18,88
4,2006-10-19,88
5,2006-10-20,88
6,2006-10-21,88
0,2006-10-22,86
1,2006-10-23,86
2,2006-10-24,86
3,2006-10-25,86
4,2006-10-26,86
5,2006-10-27,86
6,2006-10-28,86
0,2006-10-29,97
1,2006-10-30,97
2,2006-10-31,97
3,2006-11-01,97
4,2006-11-02,97
5,2006-11-03,97
6,2006-11-04,97
0,2006-11-05,93
1,2006-11-06,93
2,2006-11-07,93
3,2006-11-08,93
4,2006-11-09,93
5,2006-11-10,93
6,2006-11-11,93
0,2006-11-12,92
1,2006-11-13,92
2,2006-11-14,92
3,2006-11-15,92
4,2006-11-16,92
5,2006-11-17,92
6,2006-11-18,92
0,2006-11-19,80
1,2006-11-20,80
2,2006-11-21,80
3,2006-11-22,80
4,2006-11-23,80
5,2006-11-24,80
6,2006-11-25,80
0,2006-11-26,96
1,2006-11-27,96
2,2006-11-28,96
3,2006-11-29,96
4,2006-11-30,96
5,2006-12-01,96
6,2006-12-02,96
0,2006-12-03,91
1,2006-12-04,91
2,2006-12-05,91
3,2006-12-06,91
4,2006-12-07,91
5,2006-12-08,91
6,2006-12-09,91
0,2006-12-10,89
1,2006-12-11,89
2,2006-12-12,89
3,2006-12-13,89
4,2006-12-14,89
5,2006-12-15,89
6,2006-12-16,89
0,2006-12-17,71
1,2006-12-18,71
2,2006-12-19,71
3,2006-12-20,71
4,2006-12-21,71
5,2006-12-22,71
6,2006-12-23,71
0,2006-12-24,65
1,2006-12-25,65
2,2006-12-26,65
3,2006-12-27,65
4,2006-12-28,65
5,2006-12-29,65
6,2006-12-30,65
0,2006-12-31,79
1,2007-01-01,79
2,2007-01-02,79
3,2007-01-03,79
4,2007-01-04,79
5,2007-01-05,79
6,2007-01-06,79
0,2007-01-07,80
1,2007-01-08,80
2,2007-01-09,80
3,2007-01-10,80
4,2007-01-11,80
5,2007-01-12,80
6,2007-01-13,80
0,2007-01-14,77
1,2007-01-15,77
2,2007-01-16,77
3,2007-01-17,77
4,2007-01-18,77
5,2007-01-19,77
6,2007-01-20,77
0,2007-01-21,95
1,2007-01-22,95
2,2007-01-23,95
3,2007-01-24,95
4,2007-01-25,95
5,2007-01-26,95
6,2007-01-27,95
0,2007-01-28,78
1,2007-01-29,78
2,2007-01-30,78
3,2007-01-31,78
4,2007-02-01,78
5,2007-02-02,78
6,2007-02-03,78
0,2007-02-04,79
1,2007-02-05,79
2,2007-02-06,79
3,2007-02-07,79
4,2007-02-08,79
5,2007-02-09,79
6,2007-02-10,79
0,2007-02-11,82
1,2007-02-12,82
2,2007-02-13,82
3,2007-02-14,82
4,2007-02-15,82
5,2007-02-16,82
6,2007-02-17,82
0,2007-02-18,78
1,2007-02-19,78
2,2007-02-20,78
3,2007-02-21,78
4,2007-02-22,78
5,2007-02-23,78
6,2007-02-24,78
0,2007-02-25,85
1,2007-02-26,85
2,2007-02-27,85
3,2007-02-28,85
4,2007-03-01,85
5,2007-03-02,85
6,2007-03-03,85
0,2007-03-04,83
1,2007-03-05,83
2,2007-03-06,83
3,2007-03-07,83
4,2007-03-08,83
5,2007-03-09,83
6,2007-03-10,83
0,2007-03-11,80
1,2007-03-12,80
2,2007-03-13,80
3,2007-03-14,80
4,2007-03-15,80
5,2007-03-16,80
6,2007-03-17,80
0,2007-03-18,85
1,2007-03-19,85
2,2007-03-20,85
3,2007-03-21,85
4,2007-03-22,85
5,2007-03-23,85
6,2007-03-24,85
0,2007-03-25,86
1,2007-03-26,86
2,2007-03-27,86
3,2007-03-28,86
4,2007-03-29,86
5,2007-03-30,86
6,2007-03-31,86
0,2007-04-01,84
1,2007-04-02,84
2,2007-04-03,84
3,2007-04-04,84
4,2007-04-05,84
5,2007-04-06,84
6,2007-04-07,84
0,2007-04-08,84
1,2007-04-09,84
2,2007-04-10,84
3,2007-04-11,84
4,2007-04-12,84
5,2007-04-13,84
6,2007-04-14,84
0,2007-04-15,85
1,2007-04-16,85
2,2007-04-17,85
3,2007-04-18,85
4,2007-04-19,85
5,2007-04-20,85
6,2007-04-21,85
0,2007-04-22,85
1,2007-04-23,85
2,2007-04-24,85
3,2007-04-25,85
4,2007-04-26,85
5,2007-04-27,85
6,2007-04-28,85
0,2007-04-29,83
1,2007-04-30,83
2,2007-05-01,83
3,2007-05-02,83
4,2007-05-03,83
5,2007-05-04,83
6,2007-05-05,83
0,2007-05-06,83
1,2007-05-07,83
2,2007-05-08,83
3,2007-05-09,83
4,2007-05-10,83
5,2007-05-11,83
6,2007-05-12,83
0,2007-05-13,78
1,2007-05-14,78
2,2007-05-15,78
3,2007-05-16,78
4,2007-05-17,78
5,2007-05-18,78
6,2007-05-19,78
0,2007-05-20,73
1,2007-05-21,73
2,2007-05-22,73
3,2007-05-23,73
4,2007-05-24,73
5,2007-05-25,73
6,2007-05-26,73
0,2007-05-27,72
1,2007-05-28,72
2,2007-05-29,72
3,2007-05-30,72
4,2007-05-31,72
5,2007-06-01,72
6,2007-06-02,72
0,2007-06-03,77
1,2007-06-04,77
2,2007-06-05,77
3,2007-06-06,77
4,2007-06-07,77
5,2007-06-08,77
6,2007-06-09,77
0,2007-06-10,83
1,2007-06-11,83
2,2007-06-12,83
3,2007-06-13,83
4,2007-06-14,83
5,2007-06-15,83
6,2007-06-16,83
0,2007-06-17,76
1,2007-06-18,76
2,2007-06-19,76
3,2007-06-20,76
4,2007-06-21,76
5,2007-06-22,76
6,2007-06-23,76
0,2007-06-24,79
1,2007-06-25,79
2,2007-06-26,79
3,2007-06-27,79
4,2007-06-28,79
5,2007-06-29,79
6,2007-06-30,79
0,2007-07-01,76
1,2007-07-02,76
2,2007-07-03,76
3,2007-07-04,76
4,2007-07-05,76
5,2007-07-06,76
6,2007-07-07,76
0,2007-07-08,80
1,2007-07-09,80
2,2007-07-10,80
3,2007-07-11,80
4,2007-07-12,80
5,2007-07-13,80
6,2007-07-14,80
0,2007-07-15,82
1,2007-07-16,82
2,2007-07-17,82
3,2007-07-18,82
4,2007-07-19,82
5,2007-07-20,82
6,2007-07-21,82
0,2007-07-22,84
1,2007-07-23,84
2,2007-07-24,84
3,2007-07-25,84
4,2007-07-26,84
5,2007-07-27,84
6,2007-07-28,84
0,2007-07-29,80
1,2007-07-30,80
2,2007-07-31,80
3,2007-08-01,80
4,2007-08-02,80
5,2007-08-03,80
6,2007-08-04,80
0,2007-08-05,82
1,2007-08-06,82
2,2007-08-07,82
3,2007-08-08,82
4,2007-08-09,82
5,2007-08-10,82
6,2007-08-11,82
0,2007-08-12,77
1,2007-08-13,77
2,2007-08-14,77
3,2007-08-15,77
4,2007-08-16,77
5,2007-08-17,77
6,2007-08-18,77
0,2007-08-19,73
1,2007-08-20,73
2,2007-08-21,73
3,2007-08-22,73
4,2007-08-23,73
5,2007-08-24,73
6,2007-08-25,73
0,2007-08-26,74
1,2007-08-27,74
2,2007-08-28,74
3,2007-08-29,74
4,2007-08-30,74
5,2007-08-31,74
6,2007-09-01,74
0,2007-09-02,77
1,2007-09-03,77
2,2007-09-04,77
3,2007-09-05,77
4,2007-09-06,77
5,2007-09-07,77
6,2007-09-08,77
0,2007-09-09,79
1,2007-09-10,79
2,2007-09-11,79
3,2007-09-12,79
4,2007-09-13,79
5,2007-09-14,79
6,2007-09-15,79
0,2007-09-16,88
1,2007-09-17,88
2,2007-09-18,88
3,2007-09-19,88
4,2007-09-20,88
5,2007-09-21,88
6,2007-09-22,88
0,2007-09-23,90
1,2007-09-24,90
2,2007-09-25,90
3,2007-09-26,90
4,2007-09-27,90
5,2007-09-28,90
6,2007-09-29,90
0,2007-09-30,92
1,2007-10-01,92
2,2007-10-02,92
3,2007-10-03,92
4,2007-10-04,92
5,2007-10-05,92
6,2007-10-06,92
0,2007-10-07,94
1,2007-10-08,94
2,2007-10-09,94
3,2007-10-10,94
4,2007-10-11,94
5,2007-10-12,94
6,2007-10-13,94
0,2007-10-14,98
1,2007-10-15,98
2,2007-10-16,98
3,2007-10-17,98
4,2007-10-18,98
5,2007-10-19,98
6,2007-10-20,98
0,2007-10-21,89
1,2007-10-22,89
2,2007-10-23,89
3,2007-10-24,89
4,2007-10-25,89
5,2007-10-26,89
6,2007-10-27,89
0,2007-10-28,94
1,2007-10-29,94
2,2007-10-30,94
3,2007-10-31,94
4,2007-11-01,94
5,2007-11-02,94
6,2007-11-03,94
0,2007-11-04,98
1,2007-11-05,98
2,2007-11-06,98
3,2007-11-07,98
4,2007-11-08,98
5,2007-11-09,98
6,2007-11-10,98
0,2007-11-11,100
1,2007-11-12,100
2,2007-11-13,100
3,2007-11-14,100
4,2007-11-15,100
5,2007-11-16,100
6,2007-11-17,100
0,2007-11-18,77
1,2007-11-19,77
2,2007-11-20,77
3,2007-11-21,77
4,2007-11-22,77
5,2007-11-23,77
6,2007-11-24,77
0,2007-11-25,90
1,2007-11-26,90
2,2007-11-27,90
3,2007-11-28,90
4,2007-11-29,90
5,2007-11-30,90
6,2007-12-01,90
0,2007-12-02,93
1,2007-12-03,93
2,2007-12-04,93
3,2007-12-05,93
4,2007-12-06,93
5,2007-12-07,93
6,2007-12-08,93
0,2007-12-09,86
1,2007-12-10,86
2,2007-12-11,86
3,2007-12-12,86
4,2007-12-13,86
5,2007-12-14,86
6,2007-12-15,86
0,2007-12-16,77
1,2007-12-17,77
2,2007-12-18,77
3,2007-12-19,77
4,2007-12-20,77
5,2007-12-21,77
6,2007-12-22,77
0,2007-12-23,80
1,2007-12-24,80
2,2007-12-25,80
3,2007-12-26,80
4,2007-12-27,80
5,2007-12-28,80
6,2007-12-29,80
0,2007-12-30,87
1,2007-12-31,87
2,2008-01-01,87
3,2008-01-02,87
4,2008-01-03,87
5,2008-01-04,87
6,2008-01-05,87
0,2008-01-06,72
1,2008-01-07,72
2,2008-01-08,72
3,2008-01-09,72
4,2008-01-10,72
5,2008-01-11,72
6,2008-01-12,72
0,2008-01-13,73
1,2008-01-14,73
2,2008-01-15,73
3,2008-01-16,73
4,2008-01-17,73
5,2008-01-18,73
6,2008-01-19,73
0,2008-01-20,71
1,2008-01-21,71
2,2008-01-22,71
3,2008-01-23,71
4,2008-01-24,71
5,2008-01-25,71
6,2008-01-26,71
0,2008-01-27,69
1,2008-01-28,69
2,2008-01-29,69
3,2008-01-30,69
4,2008-01-31,69
5,2008-02-01,69
6,2008-02-02,69
0,2008-02-03,68
1,2008-02-04,68
2,2008-02-05,68
3,2008-02-06,68
4,2008-02-07,68
5,2008-02-08,68
6,2008-02-09,68
0,2008-02-10,63
1,2008-02-11,63
2,2008-02-12,63
3,2008-02-13,63
4,2008-02-14,63
5,2008-02-15,63
6,2008-02-16,63
0,2008-02-17,68
1,2008-02-18,68
2,2008-02-19,68
3,2008-02-20,68
4,2008-02-21,68
5,2008-02-22,68
6,2008-02-23,68
0,2008-02-24,69
1,2008-02-25,69
2,2008-02-26,69
3,2008-02-27,69
4,2008-02-28,69
5,2008-02-29,69
6,2008-03-01,69
0,2008-03-02,65
1,2008-03-03,65
2,2008-03-04,65
3,2008-03-05,65
4,2008-03-06,65
5,2008-03-07,65
6,2008-03-08,65
0,2008-03-09,65
1,2008-03-10,65
2,2008-03-11,65
3,2008-03-12,65
4,2008-03-13,65
5,2008-03-14,65
6,2008-03-15,65
0,2008-03-16,68
1,2008-03-17,68
2,2008-03-18,68
3,2008-03-19,68
4,2008-03-20,68
5,2008-03-21,68
6,2008-03-22,68
0,2008-03-23,66
1,2008-03-24,66
2,2008-03-25,66
3,2008-03-26,66
4,2008-03-27,66
5,2008-03-28,66
6,2008-03-29,66
0,2008-03-30,64
1,2008-03-31,64
2,2008-04-01,64
3,2008-04-02,64
4,2008-04-03,64
5,2008-04-04,64
6,2008-04-05,64
0,2008-04-06,68
1,2008-04-07,68
2,2008-04-08,68
3,2008-04-09,68
4,2008-04-10,68
5,2008-04-11,68
6,2008-04-12,68
0,2008-04-13,68
1,2008-04-14,68
2,2008-04-15,68
3,2008-04-16,68
4,2008-04-17,68
5,2008-04-18,68
6,2008-04-19,68
0,2008-04-20,69
1,2008-04-21,69
2,2008-04-22,69
3,2008-04-23,69
4,2008-04-24,69
5,2008-04-25,69
6,2008-04-26,69
0,2008-04-27,64
1,2008-04-28,64
2,2008-04-29,64
3,2008-04-30,64
4,2008-05-01,64
5,2008-05-02,64
6,2008-05-03,64
0,2008-05-04,61
1,2008-05-05,61
2,2008-05-06,61
3,2008-05-07,61
4,2008-05-08,61
5,2008-05-09,61
6,2008-05-10,61
0,2008-05-11,59
1,2008-05-12,59
2,2008-05-13,59
3,2008-05-14,59
4,2008-05-15,59
5,2008-05-16,59
6,2008-05-17,59
0,2008-05-18,61
1,2008-05-19,61
2,2008-05-20,61
3,2008-05-21,61
4,2008-05-22,61
5,2008-05-23,61
6,2008-05-24,61
0,2008-05-25,54
1,2008-05-26,54
2,2008-05-27,54
3,2008-05-28,54
4,2008-05-29,54
5,2008-05-30,54
6,2008-05-31,54
0,2008-06-01,58
1,2008-06-02,58
2,2008-06-03,58
3,2008-06-04,58
4,2008-06-05,58
5,2008-06-06,58
6,2008-06-07,58
0,2008-06-08,58
1,2008-06-09,58
2,2008-06-10,58
3,2008-06-11,58
4,2008-06-12,58
5,2008-06-13,58
6,2008-06-14,58
0,2008-06-15,59
1,2008-06-16,59
2,2008-06-17,59
3,2008-06-18,59
4,2008-06-19,59
5,2008-06-20,59
6,2008-06-21,59
0,2008-06-22,58
1,2008-06-23,58
2,2008-06-24,58
3,2008-06-25,58
4,2008-06-26,58
5,2008-06-27,58
6,2008-06-28,58
0,2008-06-29,52
1,2008-06-30,52
2,2008-07-01,52
3,2008-07-02,52
4,2008-07-03,52
5,2008-07-04,52
6,2008-07-05,52
0,2008-07-06,68
1,2008-07-07,68
2,2008-07-08,68
3,2008-07-09,68
4,2008-07-10,68
5,2008-07-11,68
6,2008-07-12,68
0,2008-07-13,64
1,2008-07-14,64
2,2008-07-15,64
3,2008-07-16,64
4,2008-07-17,64
5,2008-07-18,64
6,2008-07-19,64
0,2008-07-20,64
1,2008-07-21,64
2,2008-07-22,64
3,2008-07-23,64
4,2008-07-24,64
5,2008-07-25,64
6,2008-07-26,64
0,2008-07-27,67
1,2008-07-28,67
2,2008-07-29,67
3,2008-07-30,67
4,2008-07-31,67
5,2008-08-01,67
6,2008-08-02,67
0,2008-08-03,63
1,2008-08-04,63
2,2008-08-05,63
3,2008-08-06,63
4,2008-08-07,63
5,2008-08-08,63
6,2008-08-09,63
0,2008-08-10,59
1,2008-08-11,59
2,2008-08-12,59
3,2008-08-13,59
4,2008-08-14,59
5,2008-08-15,59
6,2008-08-16,59
0,2008-08-17,59
1,2008-08-18,59
2,2008-08-19,59
3,2008-08-20,59
4,2008-08-21,59
5,2008-08-22,59
6,2008-08-23,59
0,2008-08-24,64
1,2008-08-25,64
2,2008-08-26,64
3,2008-08-27,64
4,2008-08-28,64
5,2008-08-29,64
6,2008-08-30,64
0,2008-08-31,63
1,2008-09-01,63
2,2008-09-02,63
3,2008-09-03,63
4,2008-09-04,63
5,2008-09-05,63
6,2008-09-06,63
0,2008-09-07,71
1,2008-09-08,71
2,2008-09-09,71
3,2008-09-10,71
4,2008-09-11,71
5,2008-09-12,71
6,2008-09-13,71
0,2008-09-14,88
1,2008-09-15,88
2,2008-09-16,88
3,2008-09-17,88
4,2008-09-18,88
5,2008-09-19,88
6,2008-09-20,88
0,2008-09-21,90
1,2008-09-22,90
2,2008-09-23,90
3,2008-09-24,90
4,2008-09-25,90
5,2008-09-26,90
6,2008-09-27,90
0,2008-09-28,92
1,2008-09-29,92
2,2008-09-30,92
3,2008-10-01,92
4,2008-10-02,92
5,2008-10-03,92
6,2008-10-04,92
0,2008-10-05,100
1,2008-10-06,100
2,2008-10-07,100
3,2008-10-08,100
4,2008-10-09,100
5,2008-10-10,100
6,2008-10-11,100
0,2008-10-12,88
1,2008-10-13,88
2,2008-10-14,88
3,2008-10-15,88
4,2008-10-16,88
5,2008-10-17,88
6,2008-10-18,88
0,2008-10-19,73
1,2008-10-20,73
2,2008-10-21,73
3,2008-10-22,73
4,2008-10-23,73
5,2008-10-24,73
6,2008-10-25,73
0,2008-10-26,78
1,2008-10-27,78
2,2008-10-28,78
3,2008-10-29,78
4,2008-10-30,78
5,2008-10-31,78
6,2008-11-01,78
0,2008-11-02,73
1,2008-11-03,73
2,2008-11-04,73
3,2008-11-05,73
4,2008-11-06,73
5,2008-11-07,73
6,2008-11-08,73
0,2008-11-09,86
1,2008-11-10,86
2,2008-11-11,86
3,2008-11-12,86
4,2008-11-13,86
5,2008-11-14,86
6,2008-11-15,86
0,2008-11-16,79
1,2008-11-17,79
2,2008-11-18,79
3,2008-11-19,79
4,2008-11-20,79
5,2008-11-21,79
6,2008-11-22,79
0,2008-11-23,66
1,2008-11-24,66
2,2008-11-25,66
3,2008-11-26,66
4,2008-11-27,66
5,2008-11-28,66
6,2008-11-29,66
0,2008-11-30,82
1,2008-12-01,82
2,2008-12-02,82
3,2008-12-03,82
4,2008-12-04,82
5,2008-12-05,82
6,2008-12-06,82
0,2008-12-07,78
1,2008-12-08,78
2,2008-12-09,78
3,2008-12-10,78
4,2008-12-11,78
5,2008-12-12,78
6,2008-12-13,78
0,2008-12-14,70
1,2008-12-15,70
2,2008-12-16,70
3,2008-12-17,70
4,2008-12-18,70
5,2008-12-19,70
6,2008-12-20,70
0,2008-12-21,53
1,2008-12-22,53
2,2008-12-23,53
3,2008-12-24,53
4,2008-12-25,53
5,2008-12-26,53
6,2008-12-27,53
0,2008-12-28,67
1,2008-12-29,67
2,2008-12-30,67
3,2008-12-31,67
4,2009-01-01,67
5,2009-01-02,67
6,2009-01-03,67
0,2009-01-04,90
1,2009-01-05,90
2,2009-01-06,90
3,2009-01-07,90
4,2009-01-08,90
5,2009-01-09,90
6,2009-01-10,90
0,2009-01-11,89
1,2009-01-12,89
2,2009-01-13,89
3,2009-01-14,89
4,2009-01-15,89
5,2009-01-16,89
6,2009-01-17,89
0,2009-01-18,87
1,2009-01-19,87
2,2009-01-20,87
3,2009-01-21,87
4,2009-01-22,87
5,2009-01-23,87
6,2009-01-24,87
0,2009-01-25,84
1,2009-01-26,84
2,2009-01-27,84
3,2009-01-28,84
4,2009-01-29,84
5,2009-01-30,84
6,2009-01-31,84
0,2009-02-01,90
1,2009-02-02,90
2,2009-02-03,90
3,2009-02-04,90
4,2009-02-05,90
5,2009-02-06,90
6,2009-02-07,90
0,2009-02-08,94
1,2009-02-09,94
2,2009-02-10,94
3,2009-02-11,94
4,2009-02-12,94
5,2009-02-13,94
6,2009-02-14,94
0,2009-02-15,97
1,2009-02-16,97
2,2009-02-17,97
3,2009-02-18,97
4,2009-02-19,97
5,2009-02-20,97
6,2009-02-21,97
0,2009-02-22,100
1,2009-02-23,100
2,2009-02-24,100
3,2009-02-25,100
4,2009-02-26,100
5,2009-02-27,100
6,2009-02-28,100
0,2009-03-01,96
1,2009-03-02,96
2,2009-03-03,96
3,2009-03-04,96
4,2009-03-05,96
5,2009-03-06,96
6,2009-03-07,96
0,2009-03-08,87
1,2009-03-09,87
2,2009-03-10,87
3,2009-03-11,87
4,2009-03-12,87
5,2009-03-13,87
6,2009-03-14,87
0,2009-03-15,91
1,2009-03-16,91
2,2009-03-17,91
3,2009-03-18,91
4,2009-03-19,91
5,2009-03-20,91
6,2009-03-21,91
0,2009-03-22,94
1,2009-03-23,94
2,2009-03-24,94
3,2009-03-25,94
4,2009-03-26,94
5,2009-03-27,94
6,2009-03-28,94
0,2009-03-29,87
1,2009-03-30,87
2,2009-03-31,87
3,2009-04-01,87
4,2009-04-02,87
5,2009-04-03,87
6,2009-04-04,87
0,2009-04-05,82
1,2009-04-06,82
2,2009-04-07,82
3,2009-04-08,82
4,2009-04-09,82
5,2009-04-10,82
6,2009-04-11,82
0,2009-04-12,88
1,2009-04-13,88
2,2009-04-14,88
3,2009-04-15,88
4,2009-04-16,88
5,2009-04-17,88
6,2009-04-18,88
0,2009-04-19,80
1,2009-04-20,80
2,2009-04-21,80
3,2009-04-22,80
4,2009-04-23,80
5,2009-04-24,80
6,2009-04-25,80
0,2009-04-26,85
1,2009-04-27,85
2,2009-04-28,85
3,2009-04-29,85
4,2009-04-30,85
5,2009-05-01,85
6,2009-05-02,85
0,2009-05-03,82
1,2009-05-04,82
2,2009-05-05,82
3,2009-05-06,82
4,2009-05-07,82
5,2009-05-08,82
6,2009-05-09,82
0,2009-05-10,76
1,2009-05-11,76
2,2009-05-12,76
3,2009-05-13,76
4,2009-05-14,76
5,2009-05-15,76
6,2009-05-16,76
0,2009-05-17,77
1,2009-05-18,77
2,2009-05-19,77
3,2009-05-20,77
4,2009-05-21,77
5,2009-05-22,77
6,2009-05-23,77
0,2009-05-24,74
1,2009-05-25,74
2,2009-05-26,74
3,2009-05-27,74
4,2009-05-28,74
5,2009-05-29,74
6,2009-05-30,74
0,2009-05-31,80
1,2009-06-01,80
2,2009-06-02,80
3,2009-06-03,80
4,2009-06-04,80
5,2009-06-05,80
6,2009-06-06,80
0,2009-06-07,78
1,2009-06-08,78
2,2009-06-09,78
3,2009-06-10,78
4,2009-06-11,78
5,2009-06-12,78
6,2009-06-13,78
0,2009-06-14,77
1,2009-06-15,77
2,2009-06-16,77
3,2009-06-17,77
4,2009-06-18,77
5,2009-06-19,77
6,2009-06-20,77
0,2009-06-21,84
1,2009-06-22,84
2,2009-06-23,84
3,2009-06-24,84
4,2009-06-25,84
5,2009-06-26,84
6,2009-06-27,84
0,2009-06-28,85
1,2009-06-29,85
2,2009-06-30,85
3,2009-07-01,85
4,2009-07-02,85
5,2009-07-03,85
6,2009-07-04,85
0,2009-07-05,84
1,2009-07-06,84
2,2009-07-07,84
3,2009-07-08,84
4,2009-07-09,84
5,2009-07-10,84
6,2009-07-11,84
0,2009-07-12,83
1,2009-07-13,83
2,2009-07-14,83
3,2009-07-15,83
4,2009-07-16,83
5,2009-07-17,83
6,2009-07-18,83
0,2009-07-19,84
1,2009-07-20,84
2,2009-07-21,84
3,2009-07-22,84
4,2009-07-23,84
5,2009-07-24,84
6,2009-07-25,84
0,2009-07-26,77
1,2009-07-27,77
2,2009-07-28,77
3,2009-07-29,77
4,2009-07-30,77
5,2009-07-31,77
6,2009-08-01,77
0,2009-08-02,77
1,2009-08-03,77
2,2009-08-04,77
3,2009-08-05,77
4,2009-08-06,77
5,2009-08-07,77
6,2009-08-08,77
0,2009-08-09,81
1,2009-08-10,81
2,2009-08-11,81
3,2009-08-12,81
4,2009-08-13,81
5,2009-08-14,81
6,2009-08-15,81
0,2009-08-16,78
1,2009-08-17,78
2,2009-08-18,78
3,2009-08-19,78
4,2009-08-20,78
5,2009-08-21,78
6,2009-08-22,78
0,2009-08-23,90
1,2009-08-24,90
2,2009-08-25,90
3,2009-08-26,90
4,2009-08-27,90
5,2009-08-28,90
6,2009-08-29,90
0,2009-08-30,75
1,2009-08-31,75
2,2009-09-01,75
3,2009-09-02,75
4,2009-09-03,75
5,2009-09-04,75
6,2009-09-05,75
0,2009-09-06,73
1,2009-09-07,73
2,2009-09-08,73
3,2009-09-09,73
4,2009-09-10,73
5,2009-09-11,73
6,2009-09-12,73
0,2009-09-13,77
1,2009-09-14,77
2,2009-09-15,77
3,2009-09-16,77
4,2009-09-17,77
5,2009-09-18,77
6,2009-09-19,77
0,2009-09-20,79
1,2009-09-21,79
2,2009-09-22,79
3,2009-09-23,79
4,2009-09-24,79
5,2009-09-25,79
6,2009-09-26,79
0,2009-09-27,81
1,2009-09-28,81
2,2009-09-29,81
3,2009-09-30,81
4,2009-10-01,81
5,2009-10-02,81
6,2009-10-03,81
0,2009-10-04,76
1,2009-10-05,76
2,2009-10-06,76
3,2009-10-07,76
4,2009-10-08,76
5,2009-10-09,76
6,2009-10-10,76
0,2009-10-11,85
1,2009-10-12,85
2,2009-10-13,85
3,2009-10-14,85
4,2009-10-15,85
5,2009-10-16,85
6,2009-10-17,85
0,2009-10-18,85
1,2009-10-19,85
2,2009-10-20,85
3,2009-10-21,85
4,2009-10-22,85
5,2009-10-23,85
6,2009-10-24,85
0,2009-10-25,78
1,2009-10-26,78
2,2009-10-27,78
3,2009-10-28,78
4,2009-10-29,78
5,2009-10-30,78
6,2009-10-31,78
0,2009-11-01,79
1,2009-11-02,79
2,2009-11-03,79
3,2009-11-04,79
4,2009-11-05,79
5,2009-11-06,79
6,2009-11-07,79
0,2009-11-08,79
1,2009-11-09,79
2,2009-11-10,79
3,2009-11-11,79
4,2009-11-12,79
5,2009-11-13,79
6,2009-11-14,79
0,2009-11-15,82
1,2009-11-16,82
2,2009-11-17,82
3,2009-11-18,82
4,2009-11-19,82
5,2009-11-20,82
6,2009-11-21,82
0,2009-11-22,76
1,2009-11-23,76
2,2009-11-24,76
3,2009-11-25,76
4,2009-11-26,76
5,2009-11-27,76
6,2009-11-28,76
0,2009-11-29,90
1,2009-11-30,90
2,2009-12-01,90
3,2009-12-02,90
4,2009-12-03,90
5,2009-12-04,90
6,2009-12-05,90
0,2009-12-06,80
1,2009-12-07,80
2,2009-12-08,80
3,2009-12-09,80
4,2009-12-10,80
5,2009-12-11,80
6,2009-12-12,80
0,2009-12-13,78
1,2009-12-14,78
2,2009-12-15,78
3,2009-12-16,78
4,2009-12-17,78
5,2009-12-18,78
6,2009-12-19,78
0,2009-12-20,50
1,2009-12-21,50
2,2009-12-22,50
3,2009-12-23,50
4,2009-12-24,50
5,2009-12-25,50
6,2009-12-26,50
0,2009-12-27,62
1,2009-12-28,62
2,2009-12-29,62
3,2009-12-30,62
4,2009-12-31,62
5,2010-01-01,62
6,2010-01-02,62
0,2010-01-03,88
1,2010-01-04,88
2,2010-01-05,88
3,2010-01-06,88
4,2010-01-07,88
5,2010-01-08,88
6,2010-01-09,88
0,2010-01-10,85
1,2010-01-11,85
2,2010-01-12,85
3,2010-01-13,85
4,2010-01-14,85
5,2010-01-15,85
6,2010-01-16,85
0,2010-01-17,83
1,2010-01-18,83
2,2010-01-19,83
3,2010-01-20,83
4,2010-01-21,83
5,2010-01-22,83
6,2010-01-23,83
0,2010-01-24,87
1,2010-01-25,87
2,2010-01-26,87
3,2010-01-27,87
4,2010-01-28,87
5,2010-01-29,87
6,2010-01-30,87
0,2010-01-31,99
1,2010-02-01,99
2,2010-02-02,99
3,2010-02-03,99
4,2010-02-04,99
5,2010-02-05,99
6,2010-02-06,99
0,2010-02-07,93
1,2010-02-08,93
2,2010-02-09,93
3,2010-02-10,93
4,2010-02-11,93
5,2010-02-12,93
6,2010-02-13,93
0,2010-02-14,95
1,2010-02-15,95
2,2010-02-16,95
3,2010-02-17,95
4,2010-02-18,95
5,2010-02-19,95
6,2010-02-20,95
0,2010-02-21,87
1,2010-02-22,87
2,2010-02-23,87
3,2010-02-24,87
4,2010-02-25,87
5,2010-02-26,87
6,2010-02-27,87
0,2010-02-28,94
1,2010-03-01,94
2,2010-03-02,94
3,2010-03-03,94
4,2010-03-04,94
5,2010-03-05,94
6,2010-03-06,94
0,2010-03-07,91
1,2010-03-08,91
2,2010-03-09,91
3,2010-03-10,91
4,2010-03-11,91
5,2010-03-12,91
6,2010-03-13,91
0,2010-03-14,87
1,2010-03-15,87
2,2010-03-16,87
3,2010-03-17,87
4,2010-03-18,87
5,2010-03-19,87
6,2010-03-20,87
0,2010-03-21,100
1,2010-03-22,100
2,2010-03-23,100
3,2010-03-24,100
4,2010-03-25,100
5,2010-03-26,100
6,2010-03-27,100
0,2010-03-28,86
1,2010-03-29,86
2,2010-03-30,86
3,2010-03-31,86
4,2010-04-01,86
5,2010-04-02,86
6,2010-04-03,86
0,2010-04-04,82
1,2010-04-05,82
2,2010-04-06,82
3,2010-04-07,82
4,2010-04-08,82
5,2010-04-09,82
6,2010-04-10,82
0,2010-04-11,88
1,2010-04-12,88
2,2010-04-13,88
3,2010-04-14,88
4,2010-04-15,88
5,2010-04-16,88
6,2010-04-17,88
0,2010-04-18,84
1,2010-04-19,84
2,2010-04-20,84
3,2010-04-21,84
4,2010-04-22,84
5,2010-04-23,84
6,2010-04-24,84
0,2010-04-25,84
1,2010-04-26,84
2,2010-04-27,84
3,2010-04-28,84
4,2010-04-29,84
5,2010-04-30,84
6,2010-05-01,84
0,2010-05-02,85
1,2010-05-03,85
2,2010-05-04,85
3,2010-05-05,85
4,2010-05-06,85
5,2010-05-07,85
6,2010-05-08,85
0,2010-05-09,81
1,2010-05-10,81
2,2010-05-11,81
3,2010-05-12,81
4,2010-05-13,81
5,2010-05-14,81
6,2010-05-15,81
0,2010-05-16,79
1,2010-05-17,79
2,2010-05-18,79
3,2010-05-19,79
4,2010-05-20,79
5,2010-05-21,79
6,2010-05-22,79
0,2010-05-23,75
1,2010-05-24,75
2,2010-05-25,75
3,2010-05-26,75
4,2010-05-27,75
5,2010-05-28,75
6,2010-05-29,75
0,2010-05-30,74
1,2010-05-31,74
2,2010-06-01,74
3,2010-06-02,74
4,2010-06-03,74
5,2010-06-04,74
6,2010-06-05,74
0,2010-06-06,73
1,2010-06-07,73
2,2010-06-08,73
3,2010-06-09,73
4,2010-06-10,73
5,2010-06-11,73
6,2010-06-12,73
0,2010-06-13,74
1,2010-06-14,74
2,2010-06-15,74
3,2010-06-16,74
4,2010-06-17,74
5,2010-06-18,74
6,2010-06-19,74
0,2010-06-20,71
1,2010-06-21,71
2,2010-06-22,71
3,2010-06-23,71
4,2010-06-24,71
5,2010-06-25,71
6,2010-06-26,71
0,2010-06-27,72
1,2010-06-28,72
2,2010-06-29,72
3,2010-06-30,72
4,2010-07-01,72
5,2010-07-02,72
6,2010-07-03,72
0,2010-07-04,67
1,2010-07-05,67
2,2010-07-06,67
3,2010-07-07,67
4,2010-07-08,67
5,2010-07-09,67
6,2010-07-10,67
0,2010-07-11,73
1,2010-07-12,73
2,2010-07-13,73
3,2010-07-14,73
4,2010-07-15,73
5,2010-07-16,73
6,2010-07-17,73
0,2010-07-18,70
1,2010-07-19,70
2,2010-07-20,70
3,2010-07-21,70
4,2010-07-22,70
5,2010-07-23,70
6,2010-07-24,70
0,2010-07-25,69
1,2010-07-26,69
2,2010-07-27,69
3,2010-07-28,69
4,2010-07-29,69
5,2010-07-30,69
6,2010-07-31,69
0,2010-08-01,66
1,2010-08-02,66
2,2010-08-03,66
3,2010-08-04,66
4,2010-08-05,66
5,2010-08-06,66
6,2010-08-07,66
0,2010-08-08,68
1,2010-08-09,68
2,2010-08-10,68
3,2010-08-11,68
4,2010-08-12,68
5,2010-08-13,68
6,2010-08-14,68
0,2010-08-15,66
1,2010-08-16,66
2,2010-08-17,66
3,2010-08-18,66
4,2010-08-19,66
5,2010-08-20,66
6,2010-08-21,66
0,2010-08-22,67
1,2010-08-23,67
2,2010-08-24,67
3,2010-08-25,67
4,2010-08-26,67
5,2010-08-27,67
6,2010-08-28,67
0,2010-08-29,61
1,2010-08-30,61
2,2010-08-31,61
3,2010-09-01,61
4,2010-09-02,61
5,2010-09-03,61
6,2010-09-04,61
0,2010-09-05,65
1,2010-09-06,65
2,2010-09-07,65
3,2010-09-08,65
4,2010-09-09,65
5,2010-09-10,65
6,2010-09-11,65
0,2010-09-12,68
1,2010-09-13,68
2,2010-09-14,68
3,2010-09-15,68
4,2010-09-16,68
5,2010-09-17,68
6,2010-09-18,68
0,2010-09-19,69
1,2010-09-20,69
2,2010-09-21,69
3,2010-09-22,69
4,2010-09-23,69
5,2010-09-24,69
6,2010-09-25,69
0,2010-09-26,68
1,2010-09-27,68
2,2010-09-28,68
3,2010-09-29,68
4,2010-09-30,68
5,2010-10-01,68
6,2010-10-02,68
0,2010-10-03,68
1,2010-10-04,68
2,2010-10-05,68
3,2010-10-06,68
4,2010-10-07,68
5,2010-10-08,68
6,2010-10-09,68
0,2010-10-10,68
1,2010-10-11,68
2,2010-10-12,68
3,2010-10-13,68
4,2010-10-14,68
5,2010-10-15,68
6,2010-10-16,68
0,2010-10-17,60
1,2010-10-18,60
2,2010-10-19,60
3,2010-10-20,60
4,2010-10-21,60
5,2010-10-22,60
6,2010-10-23,60
0,2010-10-24,70
1,2010-10-25,70
2,2010-10-26,70
3,2010-10-27,70
4,2010-10-28,70
5,2010-10-29,70
6,2010-10-30,70
0,2010-10-31,78
1,2010-11-01,78
2,2010-11-02,78
3,2010-11-03,78
4,2010-11-04,78
5,2010-11-05,78
6,2010-11-06,78
0,2010-11-07,77
1,2010-11-08,77
2,2010-11-09,77
3,2010-11-10,77
4,2010-11-11,77
5,2010-11-12,77
6,2010-11-13,77
0,2010-11-14,79
1,2010-11-15,79
2,2010-11-16,79
3,2010-11-17,79
4,2010-11-18,79
5,2010-11-19,79
6,2010-11-20,79
0,2010-11-21,53
1,2010-11-22,53
2,2010-11-23,53
3,2010-11-24,53
4,2010-11-25,53
5,2010-11-26,53
6,2010-11-27,53
0,2010-11-28,74
1,2010-11-29,74
2,2010-11-30,74
3,2010-12-01,74
4,2010-12-02,74
5,2010-12-03,74
6,2010-12-04,74
0,2010-12-05,69
1,2010-12-06,69
2,2010-12-07,69
3,2010-12-08,69
4,2010-12-09,69
5,2010-12-10,69
6,2010-12-11,69
0,2010-12-12,56
1,2010-12-13,56
2,2010-12-14,56
3,2010-12-15,56
4,2010-12-16,56
5,2010-12-17,56
6,2010-12-18,56
0,2010-12-19,46
1,2010-12-20,46
2,2010-12-21,46
3,2010-12-22,46
4,2010-12-23,46
5,2010-12-24,46
6,2010-12-25,46
0,2010-12-26,47
1,2010-12-27,47
2,2010-12-28,47
3,2010-12-29,47
4,2010-12-30,47
5,2010-12-31,47
6,2011-01-01,47
0,2011-01-02,22
1,2011-01-03,22
2,2011-01-04,22
3,2011-01-05,22
4,2011-01-06,22
5,2011-01-07,22
6,2011-01-08,22
0,2011-01-09,21
1,2011-01-10,21
2,2011-01-11,21
3,2011-01-12,21
4,2011-01-13,21
5,2011-01-14,21
6,2011-01-15,21
0,2011-01-16,23
1,2011-01-17,23
2,2011-01-18,23
3,2011-01-19,23
4,2011-01-20,23
5,2011-01-21,23
6,2011-01-22,23
0,2011-01-23,23
1,2011-01-24,23
2,2011-01-25,23
3,2011-01-26,23
4,2011-01-27,23
5,2011-01-28,23
6,2011-01-29,23
0,2011-01-30,21
1,2011-01-31,21
2,2011-02-01,21
3,2011-02-02,21
4,2011-02-03,21
5,2011-02-04,21
6,2011-02-05,21
0,2011-02-06,23
1,2011-02-07,23
2,2011-02-08,23
3,2011-02-09,23
4,2011-02-10,23
5,2011-02-11,23
6,2011-02-12,23
0,2011-02-13,24
1,2011-02-14,24
2,2011-02-15,24
3,2011-02-16,24
4,2011-02-17,24
5,2011-02-18,24
6,2011-02-19,24
0,2011-02-20,21
1,2011-02-21,21
2,2011-02-22,21
3,2011-02-23,21
4,2011-02-24,21
5,2011-02-25,21
6,2011-02-26,21
0,2011-02-27,23
1,2011-02-28,23
2,2011-03-01,23
3,2011-03-02,23
4,2011-03-03,23
5,2011-03-04,23
6,2011-03-05,23
0,2011-03-06,22
1,2011-03-07,22
2,2011-03-08,22
3,2011-03-09,22
4,2011-03-10,22
5,2011-03-11,22
6,2011-03-12,22
0,2011-03-13,21
1,2011-03-14,21
2,2011-03-15,21
3,2011-03-16,21
4,2011-03-17,21
5,2011-03-18,21
6,2011-03-19,21
0,2011-03-20,22
1,2011-03-21,22
2,2011-03-22,22
3,2011-03-23,22
4,2011-03-24,22
5,2011-03-25,22
6,2011-03-26,22
0,2011-03-27,22
1,2011-03-28,22
2,2011-03-29,22
3,2011-03-30,22
4,2011-03-31,22
5,2011-04-01,22
6,2011-04-02,22
0,2011-04-03,28
1,2011-04-04,28
2,2011-04-05,28
3,2011-04-06,28
4,2011-04-07,28
5,2011-04-08,28
6,2011-04-09,28
0,2011-04-10,28
1,2011-04-11,28
2,2011-04-12,28
3,2011-04-13,28
4,2011-04-14,28
5,2011-04-15,28
6,2011-04-16,28
0,2011-04-17,26
1,2011-04-18,26
2,2011-04-19,26
3,2011-04-20,26
4,2011-04-21,26
5,2011-04-22,26
6,2011-04-23,26
0,2011-04-24,22
1,2011-04-25,22
2,2011-04-26,22
3,2011-04-27,22
4,2011-04-28,22
5,2011-04-29,22
6,2011-04-30,22
0,2011-05-01,21
1,2011-05-02,21
2,2011-05-03,21
3,2011-05-04,21
4,2011-05-05,21
5,2011-05-06,21
6,2011-05-07,21
0,2011-05-08,21
1,2011-05-09,21
2,2011-05-10,21
3,2011-05-11,21
4,2011-05-12,21
5,2011-05-13,21
6,2011-05-14,21
0,2011-05-15,25
1,2011-05-16,25
2,2011-05-17,25
3,2011-05-18,25
4,2011-05-19,25
5,2011-05-20,25
6,2011-05-21,25
0,2011-05-22,20
1,2011-05-23,20
2,2011-05-24,20
3,2011-05-25,20
4,2011-05-26,20
5,2011-05-27,20
6,2011-05-28,20
0,2011-05-29,21
1,2011-05-30,21
2,2011-05-31,21
3,2011-06-01,21
4,2011-06-02,21
5,2011-06-03,21
6,2011-06-04,21
0,2011-06-05,20
1,2011-06-06,20
2,2011-06-07,20
3,2011-06-08,20
4,2011-06-09,20
5,2011-06-10,20
6,2011-06-11,20
0,2011-06-12,21
1,2011-06-13,21
2,2011-06-14,21
3,2011-06-15,21
4,2011-06-16,21
5,2011-06-17,21
6,2011-06-18,21
0,2011-06-19,21
1,2011-06-20,21
2,2011-06-21,21
3,2011-06-22,21
4,2011-06-23,21
5,2011-06-24,21
6,2011-06-25,21
0,2011-06-26,24
1,2011-06-27,24
2,2011-06-28,24
3,2011-06-29,24
4,2011-06-30,24
5,2011-07-01,24
6,2011-07-02,24
0,2011-07-03,23
1,2011-07-04,23
2,2011-07-05,23
3,2011-07-06,23
4,2011-07-07,23
5,2011-07-08,23
6,2011-07-09,23
0,2011-07-10,46
1,2011-07-11,46
2,2011-07-12,46
3,2011-07-13,46
4,2011-07-14,46
5,2011-07-15,46
6,2011-07-16,46
0,2011-07-17,49
1,2011-07-18,49
2,2011-07-19,49
3,2011-07-20,49
4,2011-07-21,49
5,2011-07-22,49
6,2011-07-23,49
0,2011-07-24,99
1,2011-07-25,99
2,2011-07-26,99
3,2011-07-27,99
4,2011-07-28,99
5,2011-07-29,99
6,2011-07-30,99
0,2011-07-31,100
1,2011-08-01,100
2,2011-08-02,100
3,2011-08-03,100
4,2011-08-04,100
5,2011-08-05,100
6,2011-08-06,100
0,2011-08-07,36
1,2011-08-08,36
2,2011-08-09,36
3,2011-08-10,36
4,2011-08-11,36
5,2011-08-12,36
6,2011-08-13,36
0,2011-08-14,27
1,2011-08-15,27
2,2011-08-16,27
3,2011-08-17,27
4,2011-08-18,27
5,2011-08-19,27
6,2011-08-20,27
0,2011-08-21,22
1,2011-08-22,22
2,2011-08-23,22
3,2011-08-24,22
4,2011-08-25,22
5,2011-08-26,22
6,2011-08-27,22
0,2011-08-28,32
1,2011-08-29,32
2,2011-08-30,32
3,2011-08-31,32
4,2011-09-01,32
5,2011-09-02,32
6,2011-09-03,32
0,2011-09-04,38
1,2011-09-05,38
2,2011-09-06,38
3,2011-09-07,38
4,2011-09-08,38
5,2011-09-09,38
6,2011-09-10,38
0,2011-09-11,29
1,2011-09-12,29
2,2011-09-13,29
3,2011-09-14,29
4,2011-09-15,29
5,2011-09-16,29
6,2011-09-17,29
0,2011-09-18,31
1,2011-09-19,31
2,2011-09-20,31
3,2011-09-21,31
4,2011-09-22,31
5,2011-09-23,31
6,2011-09-24,31
0,2011-09-25,28
1,2011-09-26,28
2,2011-09-27,28
3,2011-09-28,28
4,2011-09-29,28
5,2011-09-30,28
6,2011-10-01,28
0,2011-10-02,25
1,2011-10-03,25
2,2011-10-04,25
3,2011-10-05,25
4,2011-10-06,25
5,2011-10-07,25
6,2011-10-08,25
0,2011-10-09,24
1,2011-10-10,24
2,2011-10-11,24
3,2011-10-12,24
4,2011-10-13,24
5,2011-10-14,24
6,2011-10-15,24
0,2011-10-16,25
1,2011-10-17,25
2,2011-10-18,25
3,2011-10-19,25
4,2011-10-20,25
5,2011-10-21,25
6,2011-10-22,25
0,2011-10-23,26
1,2011-10-24,26
2,2011-10-25,26
3,2011-10-26,26
4,2011-10-27,26
5,2011-10-28,26
6,2011-10-29,26
0,2011-10-30,24
1,2011-10-31,24
2,2011-11-01,24
3,2011-11-02,24
4,2011-11-03,24
5,2011-11-04,24
6,2011-11-05,24
0,2011-11-06,24
1,2011-11-07,24
2,2011-11-08,24
3,2011-11-09,24
4,2011-11-10,24
5,2011-11-11,24
6,2011-11-12,24
0,2011-11-13,27
1,2011-11-14,27
2,2011-11-15,27
3,2011-11-16,27
4,2011-11-17,27
5,2011-11-18,27
6,2011-11-19,27
0,2011-11-20,22
1,2011-11-21,22
2,2011-11-22,22
3,2011-11-23,22
4,2011-11-24,22
5,2011-11-25,22
6,2011-11-26,22
0,2011-11-27,23
1,2011-11-28,23
2,2011-11-29,23
3,2011-11-30,23
4,2011-12-01,23
5,2011-12-02,23
6,2011-12-03,23
0,2011-12-04,25
1,2011-12-05,25
2,2011-12-06,25
3,2011-12-07,25
4,2011-12-08,25
5,2011-12-09,25
6,2011-12-10,25
0,2011-12-11,23
1,2011-12-12,23
2,2011-12-13,23
3,2011-12-14,23
4,2011-12-15,23
5,2011-12-16,23
6,2011-12-17,23
0,2011-12-18,18
1,2011-12-19,18
2,2011-12-20,18
3,2011-12-21,18
4,2011-12-22,18
5,2011-12-23,18
6,2011-12-24,18
0,2011-12-25,19
1,2011-12-26,19
2,2011-12-27,19
3,2011-12-28,19
4,2011-12-29,19
5,2011-12-30,19
6,2011-12-31,19
